{
   "name": "The Cosmic Paradox",
  "button_color": "#0047ab",
  "start_room": "prologue",
  "rooms": {
    "prologue": {
      "description": "You wake up in a dimly lit room, disoriented and unsure of where you are. As your eyes adjust to the darkness, you notice a strange device on the table in front of you. A voice echoes in your mind, 'The fate of the universe rests in your hands. Choose wisely.'",
      "exits": {
        "examine": "examine_device",
        "ignore": "ignore_device"
      }
    },
    "examine_device": {
      "description": "You examine the device closely. It appears to be a quantum entanglement manipulator, capable of altering the fabric of reality itself. A panel on the device displays two options: 'Preserve Timeline' and 'Alter Timeline'.",
      "exits": {
        "preserve": "preserve_timeline",
        "alter": "alter_timeline"
      }
    },
    "ignore_device": {
      "description": "You decide to ignore the strange device and look for a way out of the room. As you search, you stumble upon a hidden compartment containing a quantum entanglement manipulator. The voice echoes again, 'The choice is yours, but the consequences will be profound.'",
      "exits": {
        "examine": "examine_device"
      }
    },
    "preserve_timeline": {
      "description": "You choose to preserve the current timeline, believing that altering reality could have disastrous consequences. The device powers down, and you find yourself transported back to your normal life. However, strange occurrences begin to unfold, and you can't shake the feeling that something isn't quite right.",
      "exits": {
        "continue": "anomaly_detected"
      }
    },
    "alter_timeline": {
      "description": "Driven by curiosity, you decide to alter the timeline. The device hums to life, and reality begins to shift around you. You find yourself in a parallel universe where the laws of physics have been rewritten, and strange beings roam the cosmos.",
      "exits": {
        "explore": "parallel_universe"
      }
    },
    "anomaly_detected": {
      "description": "Strange occurrences continue to plague your life, and you begin to realize that the timeline has been altered in ways you cannot comprehend. A mysterious figure approaches you, offering a chance to undo the changes and restore the original timeline.",
      "exits": {
        "accept": "restore_timeline",
        "refuse": "embrace_anomaly"
      }
    },
    "parallel_universe": {
      "description": "You find yourself in a strange, alien world where the laws of physics have been rewritten. Bizarre creatures roam the landscapes, and reality itself seems to bend and twist around you. A group of interdimensional explorers approaches you, offering to guide you through this new reality.",
      "exits": {
        "join": "join_explorers",
        "refuse": "navigate_alone"
      }
    },
    "restore_timeline": {
      "description": "You accept the offer to restore the original timeline, hoping to undo the unforeseen consequences of your actions. The mysterious figure hands you a device capable of reversing the quantum entanglement manipulation. However, the process is not without risk, and you may inadvertently create an even more chaotic timeline.",
      "exits": {
        "proceed": "restore_attempt",
        "abort": "embrace_anomaly"
      }
    },
    "embrace_anomaly": {
      "description": "You decide to embrace the anomalies and forge ahead in this altered reality. The world around you continues to shift and change, leading you down a path of uncertainty and adventure.",
      "exits": {
        "continue": "anomaly_journey"
      }
    },
    "join_explorers": {
      "description": "You join the interdimensional explorers, hoping to gain insight into the strange world you've found yourself in. They teach you the ways of navigating the parallel universe and harnessing the power of quantum manipulation.",
      "exits": {
        "continue": "parallel_journey"
      }
    },
    "navigate_alone": {
      "description": "You refuse the offer from the interdimensional explorers, determined to navigate this parallel universe on your own terms. The journey ahead is perilous, but you are driven by a thirst for knowledge and a desire to unravel the mysteries of this strange reality.",
      "exits": {
        "continue": "parallel_journey"
      }
    },
    "restore_attempt": {
      "description": "You activate the device, hoping to reverse the quantum entanglement manipulation and restore the original timeline. However, something goes horribly wrong, and you find yourself trapped in a nightmarish reality where time and space have been twisted beyond recognition.",
      "exits": {
        "continue": "nightmarish_reality"
      }
    },
    "anomaly_journey": {
      "description": "Your journey through the anomalous reality leads you to uncover secrets about the nature of existence and the delicate balance of the universe. You encounter beings from other dimensions and learn of a cosmic war that threatens to unravel the fabric of reality itself.",
      "exits": {
        "join_war": "cosmic_war",
        "seek_refuge": "interdimensional_sanctuary"
      }
    },
    "parallel_journey": {
      "description": "Your exploration of the parallel universe leads you to discover wonders and horrors beyond your wildest imagination. You encounter advanced civilizations that have harnessed the power of quantum manipulation, as well as nightmarish entities that seek to consume all reality.",
      "exits": {
        "ally": "quantum_alliance",
        "fight": "quantum_battleground"
      }
    },
    "nightmarish_reality": {
      "description": "Trapped in a reality where time and space have been twisted beyond recognition, you struggle to maintain your sanity. Grotesque creatures roam the distorted landscapes, and the laws of physics have been shattered. Your only hope is to find a way to escape this nightmarish existence.",
      "exits": {
        "seek_escape": "dimensional_rift"
      }
    },
    "cosmic_war": {
      "description": "You join the cosmic war, fighting alongside interdimensional beings to protect the delicate balance of the universe. The battles rage across multiple realities, with each side wielding powerful quantum manipulation technology.",
      "exits": {
        "continue": "cosmic_battleground"
      }
    },
    "interdimensional_sanctuary": {
      "description": "Seeking refuge from the cosmic war, you find an interdimensional sanctuary hidden away from the chaos. Here, you learn the true nature of quantum entanglement and its role in maintaining the fabric of reality.",
      "exits": {
        "continue": "quantum_nexus"
      }
    },
    "quantum_alliance": {
      "description": "You ally yourself with a powerful quantum civilization, learning the ways of harnessing quantum manipulation for the betterment of all realities. Together, you work to forge alliances across the parallel universe and establish a coalition dedicated to preserving the cosmic balance.",
      "exits": {
        "continue": "quantum_battleground"
      }
    },
    "quantum_battleground": {
      "description": "The parallel universe becomes a battleground as opposing forces clash in a war for control over quantum manipulation. You must choose sides and fight for the fate of existence itself, wielding powerful quantum technology against your enemies.",
      "exits": {
        "continue": "quantum_nexus"
      }
    },
    "dimensional_rift": {
      "description": "After a harrowing journey through the nightmarish reality, you discover a dimensional rift – a tear in the fabric of space-time that could potentially lead you back to the original timeline. However, the rift is unstable and could just as easily trap you in an even more horrifying existence.",
      "exits": {
        "enter": "original_timeline",
        "remain": "nightmarish_reality"
      }
    },
    "cosmic_battleground": {
      "description": "The cosmic war rages on, with interdimensional beings battling for control over the quantum nexus – the source of all quantum manipulation. You must choose your allies carefully and wield your quantum powers with precision, for the fate of the entire universe hangs in the balance.",
      "exits": {
        "continue": "quantum_nexus"
      }
    },
    "quantum_nexus": {
      "description": "You find yourself at the quantum nexus, the source of all quantum manipulation and the key to maintaining the cosmic balance. Here, you must make the ultimate choice: harness the power of the nexus to restore the original timeline, or use it to shape reality according to your own design.",
      "exits": {
        "restore": "original_timeline",
        "reshape": "reshaped_reality"
      }
    },
    "original_timeline": {
      "description": "Through great sacrifice and determination, you manage to restore the original timeline, undoing the quantum entanglement manipulation that set this cosmic adventure in motion. Reality returns to its natural state, and the universe is once again in balance.",
      "exits": {}
    },
    "reshaped_reality": {
      "description": "Wielding the immense power of the quantum nexus, you reshape reality according to your own design. The universe bends to your will, and you become a god among mortals, shaping the very fabric of existence. However, with great power comes great responsibility, and the consequences of your actions may have unforeseen repercussions.",
      "exits": {}
    }
  }
}