{
  "name": "The Cosmic Paradox",
  "button_color": "#0047ab",
  "start_room": "prologue",
  "rooms": {
    "prologue": {
      "description": "You wake up in a dimly lit room, disoriented and unsure of where you are. The air is thick with the scent of ozone, and a faint hum seems to permeate the very walls around you. As your eyes adjust to the darkness, you notice a strange device on the table in front of you, its surface etched with intricate glyphs and pulsating with an otherworldly glow. A deep, resonant voice echoes in your mind, 'The fate of the universe rests in your hands. Choose wisely, for the consequences of your actions will ripple across the fabric of existence itself.'",
      "exits": {
        "examine": "examine_device",
        "ignore": "ignore_device"
      },
      "revisit_count": 2,
      "revisit_content": "The voice echoes once more, its tone laced with a sense of urgency. 'Tread carefully, for the consequences of your actions will ripple across the multiverse in ways you cannot fathom. The delicate balance of existence hangs by a thread, and your choices will determine whether it unravels or remains intact.'"
    },
    "examine_device": {
      "description": "You examine the device closely, its surface seeming to shift and undulate beneath your gaze. It appears to be a quantum entanglement manipulator, capable of altering the very fabric of reality itself. A panel on the device displays two options: 'Preserve Timeline' and 'Alter Timeline'. As you study the device, you can't shake the sense that you are holding the fate of the cosmos in your hands, a power both exhilarating and terrifying.",
      "exits": {
        "preserve": "preserve_timeline",
        "alter": "alter_timeline"
      },
      "revisit_count": 1,
      "revisit_content": "As you examine the device again, you notice strange glyphs etched onto its surface, pulsating with an energy that seems to defy the laws of physics. The glyphs seem to shift and rearrange themselves, as if trying to convey a message lost to the ages – a cosmic warning about the power you now wield."
    },
    "ignore_device": {
      "description": "You decide to ignore the strange device, your instincts warning you against tampering with forces beyond your comprehension. As you search for a way out of the room, you can't shake the nagging feeling that you're missing something crucial – a piece of the puzzle that could unravel the mysteries of the universe itself. Just as you're about to give up, your foot catches on a loose panel, revealing a hidden compartment. Inside, you find another quantum entanglement manipulator, its surface thrumming with energy. The voice echoes again, its tone laced with a sense of finality, 'The choice is yours, but the consequences will be profound, rippling across the fabric of existence like a cosmic shockwave.'",
      "exits": {
        "examine": "examine_device"
      }
    },
    "preserve_timeline": {
      "description": "You choose to preserve the current timeline, believing that altering reality could have disastrous consequences that even your wildest imagination cannot fathom. The device powers down, and you find yourself transported back to your normal life, the familiar sights and sounds a welcome respite from the cosmic madness you've just encountered. However, as the days pass, strange occurrences begin to unfold around you, casting doubt on the notion that you truly preserved the timeline. Reality seems to warp and distort, as if the delicate fabric of existence is fraying at the seams, and you can't shake the feeling that something isn't quite right – a cosmic omen that your actions have set in motion a chain of events too vast and incomprehensible to foresee.",
      "exits": {
        "continue": "anomaly_detected"
      },
      "revisit_count": 1
    },
    "alter_timeline": {
      "description": "Driven by an insatiable curiosity and a thirst for knowledge that borders on hubris, you decide to alter the timeline, consequences be damned. The device hums to life, its energy pulsating through your very being as reality begins to shift and distort around you. In a cosmic blink of an eye, you find yourself in a parallel universe where the laws of physics have been rewritten, and strange beings roam the cosmos – entities whose very existence seems to defy the natural order of things. As you gaze upon this alien landscape, you can't help but wonder if you've made a grave mistake, or if this is merely the first step on a journey that will unravel the secrets of the multiverse itself.",
      "exits": {
        "explore": "parallel_universe"
      },
      "revisit_count": 1
    },
    "anomaly_detected": {
      "description": "Strange occurrences continue to plague your life, and you begin to realize that the timeline has been altered in ways you cannot comprehend. Reality seems to warp and distort around you, with objects and people shifting in and out of existence, as if the very fabric of the universe is unraveling at the seams. In the midst of this cosmic chaos, a mysterious figure approaches you, their form shifting and undulating like a mirage in the desert heat. They offer you a chance to undo the changes and restore the original timeline, their voice echoing across the dimensions, 'The balance of existence hangs by a thread, and only you can restore the natural order. But beware, for the path ahead is fraught with peril, and the consequences of your actions may be more far-reaching than you can possibly imagine.'",
      "exits": {
        "accept": "restore_timeline",
        "refuse": "embrace_anomaly"
      },
      "revisit_count": 2,
      "revisit_content": "The anomalies intensify, with reality itself seeming to warp and distort around you in ways that defy comprehension. Time seems to flow in multiple directions simultaneously, and the laws of physics have been shattered, replaced by a cosmic chaos that threatens to consume all existence. You realize that you are teetering on the brink of a cosmic precipice, and the choices you make here will determine the fate of the multiverse itself."
    },
    "parallel_universe": {
      "description": "You find yourself in a strange, alien world where the laws of physics have been rewritten, and the very fabric of reality seems to bend and twist around you like a cosmic kaleidoscope. Bizarre creatures roam the landscapes, their forms shifting and undulating in ways that defy description, as if they are mere projections of a higher dimensional existence. Reality itself seems to pulsate with an otherworldly energy, and you can't shake the sense that you are a mere speck in a vast, incomprehensible cosmos. As you gaze upon this alien landscape, a group of interdimensional explorers approaches you, their forms shimmering and distorting as they move through the warped fabric of space-time. They offer to guide you through this new reality, their voices echoing across the dimensions, 'Welcome, traveler, to the realm of infinite possibilities. But beware, for the path ahead is fraught with dangers and wonders beyond your wildest imaginings.'",
      "exits": {
        "join": "join_explorers",
        "refuse": "navigate_alone"
      },
      "revisit_count": 2,
      "revisit_content": "As you explore this parallel universe further, you encounter a new civilization that has mastered the art of quantum manipulation, their technology seemingly defying the laws of physics as you know them. They offer to share their knowledge with you, but their intentions remain shrouded in mystery. You can't shake the sense that there are cosmic forces at play here, forces that may be beyond your comprehension."
    },
    "restore_timeline": {
      "description": "You accept the offer to restore the original timeline, hoping to undo the unforeseen consequences of your actions and restore the natural order of existence. The mysterious figure hands you a device capable of reversing the quantum entanglement manipulation, its surface pulsating with an energy that seems to defy the laws of physics. As you hold the device in your hands, you can't help but feel a sense of cosmic trepidation, for you realize that the process of restoring the timeline is not without risk. The figure's words echo in your mind, 'Tread carefully, for the path ahead is fraught with peril, and the consequences of your actions may inadvertently create an even more chaotic timeline, one where the very fabric of existence hangs by the slenderest of threads.'",
      "exits": {
        "proceed": "restore_attempt",
        "abort": "embrace_anomaly"
      },
      "revisit_count": 1
    },
    "embrace_anomaly": {
      "description": "You decide to embrace the anomalies that have been unfolding around you, casting aside the notion of restoring the original timeline. In your heart, you know that the path you have chosen is one of cosmic uncertainty, but you cannot deny the allure of unraveling the mysteries of this altered reality. The world around you continues to shift and change, leading you down a path of uncertainty and adventure that will test the very limits of your sanity. As you forge ahead, you can't shake the sense that you are a mere speck in a vast, incomprehensible cosmos, and that the choices you make here will ripple across the fabric of existence itself.",
      "exits": {
        "continue": "anomaly_journey"
      }
    },
    "join_explorers": {
      "description": "You join the interdimensional explorers, hoping to gain insight into the strange world you've found yourself in. As you travel with them, you bear witness to wonders and horrors beyond your wildest imaginings, as they guide you through the warped and twisted fabric of this parallel universe. They teach you the ways of navigating the quantum realms, and of harnessing the power of quantum manipulation to bend reality to your will. However, as you delve deeper into their teachings, you can't shake the sense that there are cosmic forces at play here, forces that may be beyond even their comprehension.",
      "exits": {
        "continue": "parallel_journey"
      }
    },
    "navigate_alone": {
      "description": "You refuse the offer from the interdimensional explorers, determined to navigate this parallel universe on your own terms. The journey ahead is perilous, but you are driven by a thirst for knowledge and a desire to unravel the mysteries of this strange reality. As you forge ahead, you encounter landscapes and entities that defy description, as if the very fabric of existence has been rewritten according to some cosmic blueprint beyond your comprehension. You quickly realize that this parallel universe is a realm of infinite possibilities and dangers, where the laws of physics have been shattered and replaced by a cosmic chaos that both enthralls and terrifies you.",
      "exits": {
        "continue": "parallel_journey"
      },
      "revisit_count": 1,
      "revisit_content": "As you continue to navigate this parallel universe alone, you encounter new challenges and obstacles that test the limits of your sanity. Reality itself seems to shift and distort around you, as if the very fabric of existence is unraveling at the seams. You begin to question the nature of your own existence, and whether this strange realm is a mere projection of a higher dimensional reality beyond your comprehension."
    },
    "restore_attempt": {
      "description": "You activate the device, hoping to reverse the quantum entanglement manipulation and restore the original timeline. As the device hums to life, you feel a cosmic shudder ripple through the fabric of existence, as if the very universe itself is protesting the distortion of its natural order. Reality begins to warp and distort around you, with objects and beings shifting in and out of existence like phantoms in a cosmic maelstrom. Just when you think the process is about to succeed, something goes horribly wrong. The device overloads, unleashing a torrent of quantum energy that tears the fabric of reality asunder. In a blink of an eye, you find yourself trapped in a nightmarish reality where time and space have been twisted beyond recognition, a realm of cosmic horror where the laws of physics have been shattered and replaced by a chaotic maelstrom of pure entropy.",
      "exits": {
        "continue": "nightmarish_reality"
      },
      "revisit_count": 2,
      "revisit_content": "As you find yourself once again trapped in this nightmarish reality, you can't help but feel a sense of cosmic dread creeping up your spine. The fabric of existence seems to be unraveling around you, with time and space folding in on themselves in ways that defy comprehension. You begin to question the nature of your own existence, and whether this hellish realm is a mere projection of a higher dimensional reality beyond your comprehension."
    },
    "anomaly_journey": {
      "description": "Your journey through the anomalous reality leads you to uncover secrets about the nature of existence and the delicate balance of the universe that had been hidden from your mortal senses. You encounter beings from other dimensions, their forms shifting and undulating like cosmic mirages, as they impart upon you ancient wisdom about the interconnectedness of all things. You learn of a cosmic war that threatens to unravel the fabric of reality itself, a conflict that has been raging across the multiverse since the dawn of time, with beings of immense power wielding the forces of quantum manipulation like cosmic weaponry.",
      "exits": {
        "join_war": "cosmic_war",
        "seek_refuge": "interdimensional_sanctuary"
      },
      "revisit_count": 1,
      "revisit_content": "As you delve deeper into the anomalous reality, you begin to unravel the secrets of quantum entanglement and its role in maintaining the delicate balance of the universe. You learn that your actions have set in motion a chain of events that could potentially unravel the very fabric of existence itself, and that the choices you make here will determine the fate of the multiverse."
    },
    "parallel_journey": {
      "description": "Your exploration of the parallel universe leads you to discover wonders and horrors beyond your wildest imagination, as you bear witness to the full extent of the quantum realms. You encounter advanced civilizations that have harnessed the power of quantum manipulation, bending the very fabric of reality to their will. Their cities seem to defy the laws of physics, with structures that shift and undulate like cosmic mirages, as they harness the power of the quantum realms to create technological marvels beyond your comprehension. However, you also encounter nightmarish entities that seek to consume all reality, cosmic predators that feed on the very fabric of existence itself, leaving only shattered fragments of reality in their wake.",
      "exits": {
        "ally": "quantum_alliance",
        "fight": "quantum_battleground"
      },
      "revisit_count": 1,
      "revisit_content": "As you continue your journey through the parallel universe, you encounter new civilizations and entities that challenge your understanding of the nature of existence itself. Some offer to ally with you, sharing their knowledge of quantum manipulation and the cosmic secrets it holds. Others view you as a threat, and seek to eliminate you before you can unravel the mysteries they hold dear."
    },
    "nightmarish_reality": {
      "description": "Trapped in a reality where time and space have been twisted beyond recognition, you struggle to maintain your sanity amidst the cosmic horror that surrounds you. Grotesque creatures roam the distorted landscapes, their forms shifting and undulating in ways that defy description, as if they are mere projections of a higher dimensional existence. The laws of physics have been shattered, replaced by a chaotic maelstrom of pure entropy where the very fabric of reality seems to be unraveling at the seams. As you navigate this hellish realm, you can't shake the sense that you are a mere speck in a vast, incomprehensible cosmos, and that your only hope of escape lies in unraveling the mysteries that lurk within the depths of this nightmarish existence.",
      "exits": {
        "seek_escape": "dimensional_rift"
      },
      "revisit_count": 3,
      "revisit_content": "In the depths of the nightmarish reality, you discover an ancient artifact that seems to pulsate with an otherworldly energy, as if it is a remnant of a higher dimensional existence. As you study the artifact, you begin to unravel the secrets it holds, and realize that it may hold the key to your escape from this hellish realm. However, you can't shake the sense that there are cosmic forces at play here, forces that may be beyond even your comprehension."
    },
    "cosmic_war": {
      "description": "You join the cosmic war, fighting alongside interdimensional beings of immense power as they wage a battle for the very fate of existence itself. The battles rage across multiple realities, with each side wielding powerful quantum manipulation technology that can bend the fabric of reality to their will. You bear witness to cosmic clashes that shatter the very foundations of existence, as beings of unfathomable power hurl quantum singularities and entropic vortices at one another, tearing holes in the fabric of space-time itself. As you wield your own quantum powers, you can't help but feel like a mere speck in the grand cosmic conflict, a single soldier in an ancient war that has been raging since the dawn of the multiverse. The stakes are higher than you could have ever imagined, for the outcome of this war will determine the fate of all reality.",
      "exits": {
      "continue": "cosmic_battleground"
    }
  }
}
}