{
  "name": "The Dragon's Curse",
  "button_color": "#ae2929",
  "start_room": "start",
  "rooms": {
    "start": {
      "description": "For weeks, a fearsome dragon has been wreaking havoc upon your once-peaceful village, leaving a trail of destruction and terror in its wake. As the bravest and most skilled warrior among your kin, you have been chosen to embark on a perilous quest to slay the beast and restore peace to your people.\nWith your trusty sword sheathed at your side and a heart filled with determination, you gather your gear and set off into the unknown, braving the treacherous paths that lead towards the dragon's lair. The weight of your village's hopes rests upon your shoulders, and you know that failure is not an option.\n\nSkill check: You must roll 1d6 with a target of 4 or higher to navigate the perilous terrain and avoid any deadly traps or ambushes.",
      "exits": {
        "Enter the Forbidden Forest": {
          "skill_check": {
            "dice_type": "1d6",
            "target": 4,
            "success": {
              "description": "Your keen senses and expert navigation skills guide you through the twisted and treacherous paths of the Forbidden Forest. After hours of cautious trekking, you emerge from the forest's depths, unscathed and with the dragon's lair in sight, its imposing silhouette looming menacingly on the horizon.",
              "room": "dragon_lair"
            },
            "failure": {
              "description": "Despite your best efforts, the dangers of the Forbidden Forest prove too much for you. You stumble into a cleverly concealed trap, sustaining injuries that leave you weakened and unable to continue your journey without rest.",
              "room": "rest"
            }
          }
        }
      },
      "image": null,
      "revisit_count": 3,
      "revisit_content": "As you prepare to embark on your quest once more, you notice a small glint of metal on the ground. Upon closer inspection, you realize it's a short dagger, likely left behind by a previous adventurer. You pick it up, feeling a sense of renewed determination."
    },
    "rest": {
      "description": "Battered and bruised, you seek refuge in a secluded glade, tending to your wounds and allowing your weary body to recover from the ordeal in the Forbidden Forest. As you rest, you ponder the challenges that lie ahead, steeling your resolve for the inevitable confrontation with the dragon.\nOnce you feel your strength returning, you gather your belongings and prepare to continue your quest. However, a nagging doubt lingers in the back of your mind: will your physical condition be enough to overcome the formidable foe that awaits?\n\nSkill check: You must roll 1d4 with a target of 3 or higher to regain enough stamina to face the dragon.",
      "exits": {
        "Continue to the Dragon's Lair": {
          "skill_check": {
            "dice_type": "1d4",
            "target": 3,
            "success": {
              "description": "Your rest has proven fruitful, and you feel a renewed surge of energy coursing through your veins. With your wounds tended and your determination unwavering, you press onwards towards the dragon's lair, ready to face the beast and emerge victorious.",
              "room": "dragon_lair"
            },
            "failure": {
              "description": "Despite your efforts, the injuries sustained in the Forbidden Forest have taken too great a toll on your body. Reluctantly, you accept that returning to the village to seek aid from the wise healer is your only option if you wish to have any chance of defeating the dragon.",
              "room": "seek_aid"
            }
          }
        }
      },
      "image": null
    },
    "seek_aid": {
      "description": "Humbled by your inability to continue the quest in your current state, you make the difficult decision to return to your village and seek the guidance of the revered healer, a wise and knowledgeable figure renowned for their mastery of ancient remedies and restorative techniques.\nAfter several days of arduous travel, you finally arrive at the healer's humble abode, where they welcome you with open arms and a sympathetic ear. As you recount your harrowing tale, the healer nods sagely, their eyes betraying a deep understanding of the challenges you have faced.\n\nSkill check: You must roll 1d8 with a target of 5 or higher for the healer's treatment to be successful in restoring your strength.",
      "exits": {
        "Undergo the Healer's Treatment": {
          "skill_check": {
            "dice_type": "1d8",
            "target": 5,
            "success": {
              "description": "Under the healer's expert care and guidance, you undergo a rigorous regimen of restorative treatments and ancient rituals. With each passing day, you can feel your strength returning, your wounds healing, and your resolve solidifying. After what seems like an eternity, the healer declares you fit to continue your quest, and you set off once more, invigorated and determined to face the dragon.",
              "room": "dragon_lair"
            },
            "failure": {
              "description": "Despite the healer's best efforts, your injuries prove too severe, and their treatments fail to restore you to the level of physical prowess required to take on the dragon. With a heavy heart, you accept that your quest has come to an end, and you must return to your village, entrusting the task of slaying the beast to another brave soul.",
              "room": "end"
            }
          }
        }
      },
      "image": null
    },
    "dragon_lair": {
      "description": "At last, you find yourself standing before the imposing entrance to the dragon's lair, a foreboding cavern carved into the side of a towering mountain. The stench of sulfur hangs heavy in the air, and the distant rumble of the beast's thunderous roar echoes through the cavernous depths, sending a chill down your spine.\nSteeling your resolve, you tighten your grip on your weapon and prepare to face the ultimate challenge. The fate of your village rests upon your shoulders, and you know that failure is not an option. With a deep breath, you take the first step into the lair, ready to confront the fearsome dragon and emerge victorious, or perish in the attempt.\n\nSkill check: You must roll 1d10 with a target of 7 or higher to successfully slay the dragon.",
      "exits": {
        "Confront the Dragon": {
          "skill_check": {
            "dice_type": "1d10",
            "target": 7,
            "success": {
              "description": "In a clash of steel and fire, you engage the dragon in a fierce and epic battle, your skills and bravery pushed to their limits. With each blow you deflect and each strike you land, you can feel the beast's power waning, until finally, with a mighty roar, you land the killing blow, slaying the dragon and ending its reign of terror once and for all.",
              "room": "victory"
            },
            "failure": {
              "description": "Despite your valiant efforts, the dragon's power proves too overwhelming, its fiery breath and crushing blows wearing you down until you can no longer stand. With a final, defiant roar, you fall to the beast, your quest ending in failure, but your bravery and sacrifice forever etched into the annals of your village's history.",
              "room": "end"
            }
          }
        },
        "Retreat and Regroup": {
          "description": "Faced with the overwhelming might of the dragon, you make the difficult decision to retreat and regroup, recognizing that a hasty confrontation would only lead to certain defeat. You vow to return, better prepared and with a stronger strategy, to take on the beast and emerge victorious.",
          "room": "regroup"
        }
      },
      "image": null,
      "revisit_count": 2,
      "revisit_content": "As you approach the dragon's lair once more, you notice a peculiar marking etched into the rock face near the entrance. Upon closer inspection, you realize it's an ancient rune, said to grant protection against fire. You trace the symbol onto your armor, feeling a newfound sense of confidence."
    },
    "regroup": {
      "description": "After your narrow escape from the dragon's lair, you take refuge in a nearby abandoned mine, using the time to rest, recover, and devise a new strategy for confronting the beast. You spend countless hours studying the dragon's strengths and weaknesses, analyzing the layout of its lair, and honing your combat skills to perfection.\n\nSkill check: You must roll 1d12 with a target of 8 or higher to successfully develop a winning strategy.",
      "exits": {
        "Devise a New Strategy": {
          "skill_check": {
            "dice_type": "1d12",
            "target": 8,
            "success": {
              "description": "After days of intense preparation and strategizing, you finally feel ready to face the dragon once more. With a well-crafted plan and a renewed sense of determination, you gather your gear and set off towards the lair, confident that this time, victory will be yours.",
              "room": "dragon_lair"
            },
            "failure": {
              "description": "Try as you might, you cannot seem to devise a strategy that would give you a clear advantage over the dragon's formidable might. Reluctantly, you accept that you may have bitten off more than you can chew, and decide to return to your village, entrusting the task of slaying the beast to another brave soul.",
              "room": "end"
            }
          }
        }
      },
      "image": null
    },
    "victory": {
      "description": "Your journey has reached its triumphant conclusion, and you return to your village as a true hero, carrying the severed head of the dragon as a trophy of your incredible feat. The people cheer and celebrate your victory, showering you with praise and gratitude for freeing them from the beast's tyrannical reign.\nYour name will be forever etched into the annals of your village's history, a testament to your unwavering courage, skill, and determination in the face of overwhelming odds. You have proven yourself a true champion, and your legend will be passed down through generations to come, inspiring others to follow in your footsteps and face their own challenges with the same valor and bravery that you have displayed.",
      "exits": {},
      "image": null
    },
    "end": {
      "description": "Though your quest to slay the dragon has ultimately ended in failure, you can take solace in the knowledge that you gave it your all, pushing yourself to the very limits of your abilities in the face of a foe of unimaginable power and ferocity.\nThe lessons you have learned and the experiences you have gained will undoubtedly shape you into an even stronger and wiser warrior, better prepared to face the challenges that lie ahead. For now, however, it is time to return to your village, where your bravery and sacrifice will be honored and remembered, even if the ultimate victory eluded you.\nYou may not have slain the dragon this time, but you have planted the seeds of hope, inspiring others to take up the mantle and continue the fight until the beast is eventually vanquished, and peace is restored to your land.",
      "exits": {},
      "image": null
    }
  }
 }