{
  "name": "The Dragon's Curse",
  "button_color": "#ae2929",
  "start_room": "start",
  "rooms": {
    "start": {
      "description": "A dragon has been terrorizing your village for weeks. As the bravest warrior, you've been tasked with slaying the beast and saving your people. You gather your gear and set off on your journey. \n \n**Skill check**; you must roll 1d6 with a target of 3",
      "exits": {
        "Enter the Forest": {
          "skill_check": {
            "dice_type": "1d6",
            "target": 3,
            "success": {
              "description": "You navigate the forest skillfully, avoiding any dangers. You reach the edge of the forest and see the dragon's lair in the distance.",
              "room": "dragon_lair"
            },
            "failure": {
              "description": "You stumble upon a trap in the forest and get injured. You manage to free yourself, but you'll need to rest before continuing your journey.",
              "room": "rest"
            }
          }
        }
      },
      "image": null
    },
    "rest": {
      "description": "You take some time to rest and tend to your wounds. Once you feel strong enough, you continue your journey towards the dragon's lair. \n \n You must roll 1d4 with a target of 2",
      "exits": {
        "Continue to the Dragon's Lair": {
          "skill_check": {
            "dice_type": "1d4",
            "target": 2,
            "success": {
              "description": "You feel re-energized and ready to face the dragon. You approach the dragon's lair with determination.",
              "room": "dragon_lair"
            },
            "failure": {
              "description": "Despite your rest, you still feel weak. You decide to return to the village and seek help from the wise old healer before attempting to face the dragon again.",
              "room": "end"
            }
          }
        }
      },
      "image": null
    },
    "dragon_lair": {
      "description": "You stand before the entrance to the dragon's lair. The smell of sulfur fills the air, and you hear the distant rumble of the beast's roar. You steel yourself for the battle ahead. \n \n **Skill check**: You must roll 1d10 with a target of 6",
      "exits": {
        "Confront the Dragon": {
          "skill_check": {
            "dice_type": "1d10",
            "target": 6,
            "success": {
              "description": "Success! \nWith a mighty roar, you charge into the lair and engage the dragon in a fierce battle. Your skill and bravery shine through, and you manage to slay the beast, freeing your village from its terror.",
              "room": "victory"
            },
            "failure": {
              "description": "Failure \nYou charge into the lair, but the dragon's power is overwhelming. You fight valiantly, but ultimately fall to the beast's flames.",
              "room": "end"
            }
          }
        }
      },
      "image": null
    },
    "victory": {
      "description": "You return to your village as a hero, carrying the dragon's head as a trophy. The people cheer for you, and your name will be remembered for generations to come.",
      "exits": {},
      "image": null
    },
    "end": {
      "description": "Your quest has come to an end. Though you may not have succeeded in slaying the dragon, you've learned valuable lessons and will use them to prepare for future challenges.",
      "exits": {},
      "image": null
    }
  }
}