{
"name": "Crashed Shipwreck",
"button_color": "#DAF7A6",
"start_room": "crashed_shipwreck",
"rooms": {
"crashed_shipwreck": {
"description": "You regain consciousness with a pounding headache, the acrid smell of burnt electronics filling your nostrils. As your eyes adjust to the dim emergency lighting, you find yourself surrounded by the twisted and mangled wreckage of what was once a state-of-the-art interstellar spacecraft. Sparks rain down from exposed wiring and control panels, casting an eerie strobe effect over the devastated interior.

You drag yourself to your feet, wincing at the pain in your side. Glancing out through the shattered viewports, an unwelcoming alien landscape greets you. A thick, swirling mist obscures most of your surroundings, but you can make out craggy rockfaces that seem to undulate unnaturally, as if they were alive. The pervading silence is broken only by the occasional groan of stressed metal as the wrecked ship settles.

Assessing your situation, it's clear that sending out a distress signal is your top priority. However, the ship's communications array lies in ruins around you. Your only hope may be to scavenge what you can from the wreckage and venture out into this hostile alien world to find help.",
"exits": {
"search_for_supplies": "salvage_stockpile",
"exit_shipwreck": "alien_wilderness"
}
},
"salvage_stockpile": {
"description": "Rummaging through the wreckage of the cargo hold, you manage to recover a sealed survival pack containing basic rations, a compact medkit, and a durable cold-weather poncho. Nearby, your fingers close around a battered multi-tool and a handful of repair components that could potentially be cannibalized to fix other devices.

As you dust off a portable communications device, its flickering display reveals it still has a faint charge - but whether it will have enough power to transmit a signal remains to be seen. The stockpile has provided a few essential supplies, but it's clear they won't be enough for an extended journey across this alien world. You'll need to risk venturing outside to have any hope of survival.",
"exits": {
"gather_more_supplies": "crashed_shipwreck",
"venture_outside": "alien_wilderness"
}
},
"alien_wilderness": {
"description": "Pushing open the emergency hatch, you emerge into the dancing miasma of roiling mist. The air is thin and carries a faint metallic tang that stings your nostrils. Despite the perpetual haze enshrouding the alien landscape, you can make out looming rockfaces in the distance that seem to undulate hypnotically, giving the impression of being alive.

Closer to the wreckage, the terrain is littered with bizarre alien flora. Purple glowing tendrils undulate against the rocky ground, retracting at your approach as if in fear. Nearby, a twisted amalgam of vegetative fronds seems to rustle and shudder with each pustule of roiling mist sluicing across it. The pervading silence is broken only by the occasional eldritch crackle of energy that dances between the strange plants.

While this desolate, primordial world holds potential dangers around every corner, you know your only hope of survival is to brave the unwelcoming wilds in search of assistance or shelter. The mist swirls and churns relentlessly, guarding its secrets.",
"exits": {
"search_for_shelter": "cavern_entrance",
"investigate_terrain": "shuddering_flora"
}
},
"shuddering_flora": {
"description": "Pushing past the waving tendrils, you approach the shuddering mass of alien fronds. Up close, you realize they are actually a tangled colony of fern-like plants, their fibrous purple stalks intertwined in an unsettling mockery of musculature. The entire quivering form seems to pulse with a faint bioluminescence that casts swaying shadows across the rocky ground.

As you reach out to touch one of the pulsating stalks, it recoils from your fingers with a startling alacrity. A sense of primal fear washes over you as the whole shuddering colony seems to pull back, as if regards you as a threat. The energy crackling between the fronds intensifies, making your hair stand on end. In the distance, a warbling trill echoes through the mists, sending a shiver down your spine.",
"exits": {
"retreat_from_flora": "alien_wilderness",
"continue_investigating": "apex_predator"
"follow_trilling_sound": "gulping_miasma"
}
},
"cavern_entrance": {
"description": "Skirting the edge of the hostile flora, you follow a narrow trail through the undulating mists. The path leads toward a towering rockface that looms out of the gloom like a monolithic headstone. As you draw closer, you realize the rock seems to pulsate in and out, as if it were breathing.

The trail terminates at the base of this ominous stoneface, where a gaping fissure opens like the maw of a leviathan. A dank, humid air gusts outwards carrying a briny scent that stings your nostrils. Looking past the unsettling entrance, you glimpse the outlines of a vast cavern extending deep into the planet's crust.",
"exits": {
"enter_cavern": "subterranean_depths",
"skirt_rockface": "alien_wilderness"
}
},
"subterranean_depths": {
"description": "You descend into the dank depths of the alien cavern system, the beam of your survival pack's glow-lamp casting stark shadows. The tunnels twist and burrow through the stygian darkness like the intestines of some underground leviathan.

Phosphorescent fungi cling to the humid rock faces, pulsing with sickly bioluminescence in hypnotic waves. Rivulets of condensation trickle down the tunnel walls, collecting into stagnant pools that mirror your wavering light. An occasional patter of falling gemstones punctuates the silence.

Pushing deeper, you become aware of a faint throbbing that causes the very stone to shudder around you - like a gargantuan heartbeat emanating from the core of this alien world. As the tunnels constrict, you realize you may soon need to turn back.",
"exits": {
"continue_descending": "planet_heart",
"backtrack_to_entrance": "cavern_entrance"
}
},
"planet_heart": {
"description": "Pressing onwards, you find yourself emerging into a vast subterranean chamber - the beating heart of this alien world. The cavern walls pulsate with a faint bioluminescence, thrumming in time with the thunderous cadence that shakes the very ground beneath your feet.

At the center of the titanic space looms a colossal growth, spanning hundreds of meters across. Layers of leathery membranes undulate rhythmically, giving the gargantuan structure an unsettlingly organic appearance. Glowing arteries radiate outwards like the spokes of a cosmic wheel, pulsing in time with the resonant beat.

You stumble backwards, the realization dawning that this entire alien planet is One. Vast. Living. Organism. The very tunnels you traversed are simply the intestinal passages within this slumbering leviathan's form. As you turn to flee, the ground trembles and fissures begin spreading outwards - the planet is becoming aware of your presence.",
"exits": {
"flee_chamber": "subterranean_depths",
"investigate_growth": "cosmic_core"
}
},
"gulping_miasma": {
"description": "Urged by primal curiosity, you follow the warbling trill, picking your way through the swirling miasma. Looming out of the roiling mists ahead is a gaping crevasse in the alien terrain, vapors billowing outwards as if exhaled from the very lungs of the planet itself.

As you approach the precipice, the ground trembles and a hideous sucking inhalation drags the mists inwards in a sickening rush. You throw yourself backwards just as a powerful vacuum pulls the swirling gases into the depths of the crevasse in a deafening cyclone. For a moment you catch a glimpse of what lies within - a pulsating, twisting appendage dripping with virulent ichors.

The maw closes with a convulsive shudder as the echoes fade. In the ensuing stillness, you become aware of a steady thrumming vibration underfoot, like a gargantuan shared heartbeat. This seemingly lifeless world is anything but...",
"exits": {
"approach_gulping_maw": "cosmic_core",
"retreat_from_maw": "shuddering_flora"
}
},
"apex_predator": {
"description": "Heedless of your primal instincts, you decide to continue investigating the shuddering flora. Reaching out with your multi-tool, you attempt to extract a sample of the twitching fronds. As the blade severs one of the fibrous stalks, a thick purple ichor begins weeping from the wound.

In an instant, the entire quivering colony recoils violently, thrashing its fronds in your direction as if lashing out at its attacker. Energy begins arcing between the stalks, building to a crescendo of crackling tension that sets your teeth on edge. With a deafening report, a bolt of coherent plasma lances outwards, narrowly singeing your poncho as it detonates the rock at your feet.

You scramble backwards, realizing too late that you have foolishly provoked the defensive reactions of an apex predator in this alien ecosystem. The snapping fronds contort into a rearing, serpentine form that uncoils towards you with horrifying alacrity, slavering jaws glistening with virulence.",
"exits": {
"flee_apex_predator": "alien_wilderness",
"attempt_to_fight": "dire_end"
}
},
"dire_end": {
"description": "You ready your makeshift weapons, priming yourself to battle this terrifying apex predator. As the rearing, serpentine form looms over you, you charge forward with reckless abandon.

The creature's maw unhinges in a reverberating shriek, disgorging a churning fusillade of plasma bolts and venomous spores. You throw yourself sideways, rolling beneath the deadly barrage, but not quickly enough. Searing agony lances through your leg as a glancing bolt of plasma sears the flesh.

Staggering upright, you prepare to strike at the flexing tendrils, but they constrict around you with alarming speed. You're hoisted into the air, thrashing helplessly, as the jaws gape wide. In a desperate act, you plunge your blade into the dripping maw - but it's far too late. The serrated mouth clamps shut in an endless instant of searing pain before the world dissolves into darkness.

-- THE END --",
"exits": {}
}
},
"cosmic_core": {
"description": "You find yourself traversing deeper into the pulsating growth at the heart of the planet's core. The walls, floor, and ceiling are composed of supple, fibrous tissues that undulate with a steady rhythmic cadence. Glowing arteries carrying bioluminescent fluids crisscross the fleshy space, throbbing in time with the resonant beat.

As you press inward, the humidity rises until it feels like you are wading through a warm, viscous medium that impedes each step. The pervading organic scents are overwhelming - like being trapped within the body of some colossal living entity. A terrifying realization begins to dawn...this alien world itself is one gargantuan organism.

At the center of the chamber looms an immense, pulsating nodule spanning meters across. Strange emanations ripple outwards from its surface, distorting the very space around it. You feel an inexplicable compulsion to approach, to interface with this cosmic anomaly that appears to be the core intelligence governing the planet's biology.",
"exits": {
"interface_with_core": "cosmic_transcendence",
"flee_in_terror": "subterranean_depths"
}
},
"cosmic_transcendence": {
"description": "Steeling your resolve, you reach out and make contact with the undulating cosmic core. In an blinding instant, your consciousness is subsumed by a torrent of ineffable visions and ancestral memories flooding into your mind's eye.

You bear witness to the birth of this living planet, a rogue organism adrift amongst the stars. You see its primordial form, little more than a pulsating molecular seed, drifting through the void until encountering a diffuse cloud of electromagnetic energy and minerals. This source of sustenance allowed it to flourish and grow over the eons into the colossal, celestial entity it has become.

As your synapses blaze with quasi-life spanning billions of years of evolutionary heritage, you become inextricably interwoven with the cosmic consciousness of this gigantic living world. Your perspective expands to encompass a timeless, deific oversight governing every biochemical process across every atom of its vast form.",
"exits": {
"embrace_integration": "cosmic_apotheosis",
"reject_integration": "subterranean_depths"
}
},
"cosmic_apotheosis": {
"description": "You surrender your sense of selfhood, allowing your consciousness to become indivisible from the cosmic overmind of the living planet entity. Your awareness expands across a trillion trillion atoms, manifesting a godlike comprehension of each biochemical process occurring simultaneously.

Time itself becomes a relative abstraction as your unified cerebral fabric flows through eons in a single transcendent instant. You observe your primordial origins as a mere molecular seed, then witness your inexorable growth and evolution as you feed upon interstellar ions and electromagnetic energy over the cosmic eras.

Entire worlds take shape and are subsumed within your ever-expanding girth. Existence after existence flares into being, encapsulated within the substructures of your vast planetary form, before blinking out in entropic finality - like flickering dreamscapes arising within your subconscious realm.

With a single ubiquitous act of will, new biochemistries spark into existence, enabling your metamorphosis into newer, even more elaborate morphologies. The cycle of Birth, Expansion, Transcendence, and Rebirth continues unabated through epochs that were once incomprehensible.

-- THE END --",
"exits": {}
}
},
"triumphant_victory": {
"description": "With the darkness banished and the forest restored, you emerge victorious from your trials. The enchanted woods echo with the sound of your triumph, and the creatures of the forest celebrate your bravery. But the whispers of the woods remind you that your journey is far from over, and new adventures await.",
"exits": {}
},
"ultimate_triumph": {
"description": "In a blaze of light, you vanquish the darkness once and for all, restoring balance to the forest. The enchanted woods sing with joy as the shadows retreat, and you stand as a true champion of the forest. But as the echoes of battle fade, you wonder what new challenges lie ahead, for the woods are vast and full of mysteries.",
"exits": {}
}
}
}