{
  "name": "Whispers of the Forgotten City",
  "button_color": "#8B4513",
  "start_room": "dusty_road",
  "rooms": {
    "dusty_road": {
      "description": "Beneath the scorching desert sun, you find yourself standing on a dusty road that stretches endlessly in both directions. The air is thick with the scent of ancient secrets and untold mysteries. As you shield your eyes from the glare, you spot a glint of something in the distance - a promise of adventure or perhaps a warning of dangers yet to come.",
      "exits": {
        "follow_the_road_north": "oasis_of_dreams",
        "follow_the_road_south": "bazaar_of_echoes",
        "investigate_the_glint": "forgotten_ruins"
      }
    },
    "oasis_of_dreams": {
      "description": "Like a mirage shimmering in the heat, an oasis appears before you - a lush haven of swaying palm trees and crystal-clear waters. The air is cool and sweet, a welcome respite from the harsh desert winds. As you approach the water's edge, you notice strange symbols etched into the smooth stones that line the pool. The symbols seem to dance and shift before your eyes, hinting at ancient magics and forgotten lore.",
      "exits": {
        "drink_from_the_oasis": "dream_visions",
        "decipher_the_symbols": "whispers_of_the_ancients",
        "rest_in_the_shade": "bazaar_of_echoes",
        "continue_north": "canyon_of_trials"
      }
    },
    "bazaar_of_echoes": {
      "description": "Amidst the swirling sands, a bustling bazaar emerges like a fever dream. Colorful tents and stalls line the winding alleys, their wares glinting in the sunlight. The air is filled with the chatter of merchants and the whispers of a thousand untold stories. As you wander through the bazaar, you can't shake the feeling that the eyes of the desert are upon you, watching your every move.",
      "exits": {
        "browse_the_wares": "merchant's_tale",
        "seek_information": "whispering_sands",
        "follow_the_alley": "shadows_of_the_past"
      }
    },
    "forgotten_ruins": {
      "description": "Rising from the desert sands like the bones of a long-dead behemoth, the ruins of an ancient city loom before you. Crumbling walls and toppled pillars hint at a civilization lost to the ravages of time. As you pick your way through the rubble, you can't help but feel a sense of unease - a prickling at the back of your neck that suggests you're not alone among the ruins.",
      "exits": {
        "explore_the_ruins": "echoes_of_the_past",
        "search_for_treasure": "cursed_artifact",
        "decipher_the_hieroglyphs": "forbidden_knowledge"
      }
    },
    "dream_visions": {
      "description": "As you drink from the oasis, the world around you begins to blur and shift. You find yourself transported to a realm of dreams and visions, where the boundaries between reality and illusion are thin and fragile. You see glimpses of your past and future, of the choices that have shaped your life and the paths yet untraveled. The visions are both beautiful and terrifying, a kaleidoscope of possibility and fate.",
      "exits": {
        "embrace_the_visions": "path_of_destiny",
        "reject_the_visions": "oasis_of_dreams"
      }
    },
    "whispers_of_the_ancients": {
      "description": "As you study the symbols etched into the stones, a soft whisper begins to echo in your mind. The whispers are in a language you don't recognize, but somehow you understand their meaning. They speak of an ancient civilization that once thrived in the heart of the desert, of powerful mages and forgotten gods. The whispers grow louder and more insistent, urging you to seek out the lost city and uncover its secrets.",
      "exits": {
        "follow_the_whispers": "forgotten_ruins",
        "ignore_the_whispers": "bazaar_of_echoes",
        "seek_wisdom": "sage_of_the_sands"
      }
    },
    "canyon_of_trials": {
      "description": "Your path leads you to a narrow canyon, its towering walls carved with intricate patterns and arcane symbols. The air is thick with the hum of ancient magic, a palpable energy that sets your nerves on edge. As you make your way through the winding passage, you encounter a series of challenges and obstacles, each one designed to test your strength, courage, and wit.",
      "exits": {
        "face_the_trials": "trial_of_strength",
        "search_for_a_hidden_path": "chambers_of_illusion",
        "turn_back": "oasis_of_dreams"
      }
    },
    "merchant's_tale": {
      "description": "A wizened old merchant catches your eye, his stall filled with strange and wondrous artifacts from lands beyond the desert. He beckons you closer, a twinkle in his eye as he begins to spin a tale of a legendary city lost to the sands of time. The merchant speaks of untold riches and ancient knowledge, of a power that could change the world. But he warns you that the path to the city is fraught with danger and that many have lost their lives in pursuit of its secrets.",
      "exits": {
        "buy_the_merchant's_wares": "ancient_map",
        "ask_for_more_information": "tale_of_the_sands",
        "ignore_the_merchant": "shadows_of_the_past",
        "seek_other_wares": "bazaar_of_echoes"
      }
    },
    "whispering_sands": {
      "description": "You wander the bazaar, listening to the whispers that seem to emanate from the very sands beneath your feet. The whispers are fragments of stories, tales of love and loss, of betrayal and redemption. As you listen, you begin to piece together the history of the desert and its people, a tapestry of lives lived and lost beneath the unforgiving sun.",
      "exits": {
        "follow_the_whispers": "forgotten_oasis",
        "seek_out_a_storyteller": "tale_of_the_sands",
        "return_to_the_bazaar": "bazaar_of_echoes"
      }
    },
    "shadows_of_the_past": {
      "description": "As you follow the winding alley, the din of the bazaar fades away, replaced by an eerie silence. The shadows seem to lengthen and deepen, taking on a life of their own. Suddenly, you find yourself face to face with a ghostly figure - a shade of someone long dead. The figure beckons you to follow, leading you deeper into the maze of alleys and into the heart of a mystery that has haunted the bazaar for generations.",
      "exits": {
        "follow_the_ghost": "echoes_of_the_lost",
        "search_for_clues": "labyrinth_of_secrets",
        "flee_the_shadows": "bazaar_of_echoes"
      }
    },
    "echoes_of_the_past": {
      "description": "As you delve deeper into the ruins, the whispers of the past grow louder. You hear snatches of conversations long forgotten, the laughter of children and the cries of the dying. The ruins seem to come alive around you, the ancient stones whispering their secrets to those who know how to listen. But the whispers are not always benevolent - some speak of dark deeds and ancient curses, of a power that could destroy the world.",
      "exits": {
        "listen_to_the_whispers": "forbidden_knowledge",
        "search_for_the_source": "heart_of_the_ruins",
        "flee_the_ruins": "dusty_road"
      }
    },
    "cursed_artifact": {
      "description": "Hidden among the rubble, you find an ancient artifact - a statue of a forgotten god, its features worn smooth by the passage of time. As you reach out to touch the statue, a sudden chill runs down your spine. You can feel the weight of centuries pressing down upon you, the curse of the ancients seeping into your bones. The statue seems to whisper to you, promising power and knowledge, but at a terrible price.",
      "exits": {
        "take_the_artifact": "price_of_power",
        "destroy_the_artifact": "wrath_of_the_ancients",
        "leave_the_artifact": "forgotten_ruins"
      }
    },
    "forbidden_knowledge": {
      "description": "The hieroglyphs on the walls of the ruins seem to writhe and dance before your eyes, their meaning tantalizing just out of reach. As you study them, you begin to unravel the secrets of the ancients - the forbidden knowledge that they sought to hide from the world. You learn of rituals and spells, of gods and monsters, of a power that could reshape reality itself. But you also learn of the terrible price that must be paid for such knowledge, the sacrifices that must be made to unlock the secrets of the universe.",
      "exits": {
        "learn_the_forbidden_magic": "road_to_damnation",
        "seal_the_knowledge_away": "guardian_of_secrets",
        "flee_from_the_truth": "forgotten_ruins"
      }
    },
    "path_of_destiny": {
      "description": "Embracing the visions granted to you by the oasis, you set out on a journey to fulfill your destiny. The path is long and treacherous, leading you through scorching deserts and over windswept dunes. But you are not alone - the spirits of the ancients guide your steps, whispering their wisdom in your ear. As you journey deeper into the heart of the desert, you begin to understand your true purpose - to restore balance to a world on the brink of chaos, to bring hope to a land consumed by despair.",
      "exits": {
        "face_your_destiny": "trials_of_the_chosen",
        "seek_allies": "council_of_the_wise",
        "question_your_path": "crossroads_of_doubt"
      }
    },
    "sage_of_the_sands": {
      "description": "In a hidden cave at the edge of the oasis, you find a wise old sage, his beard white with age and his eyes twinkling with the knowledge of the ages. The sage listens to your tale and the whispers that have led you to him. He nods slowly, a smile playing at the corners of his mouth. The sage tells you of the true history of the desert, of the rise and fall of the ancient civilization that once ruled these lands. He speaks of a great evil that was sealed away long ago, and of the heroes who sacrificed everything to protect the world from its darkness.",
      "exits": {
        "heed_the_sage's_wisdom": "path_of_the_hero",
        "question_the_sage's_tale": "veil_of_illusion",
        "ignore_the_sage": "forgotten_ruins"
      }
    },
    "trial_of_strength": {
      "description": "The first trial you face in the Canyon of Trials is a test of strength. A great stone door blocks your path, inscribed with the image of a warrior in battle. As you approach, the door rumbles to life, and a voice booms out from the stone: 'Prove your worth, traveler. Only the strong may pass.' You must choose how to face this challenge - with brute force, clever trickery, or perhaps a different approach altogether.",
      "exits": {
        "face_the_challenge_head-on": "hall_of_champions",
        "seek_a_clever_solution": "path_of_wisdom",
        "look_for_another_way": "canyon_of_trials",
        "turn_back": "oasis_of_dreams"
      }
    },
    "chambers_of_illusion": {
      "description": "Searching for a hidden path, you stumble upon a series of chambers filled with illusions and trickery. Mirrors reflect distorted images, and phantom lights dance at the edge of your vision. As you navigate the chambers, you begin to question your own senses, unable to distinguish reality from illusion. The chambers seem to go on forever, a labyrinth of deception and misdirection.",
      "exits": {
        "trust_your_instincts": "path_of_intuition",
        "follow_the_illusions": "hall_of_mirrors",
        "look_for_a_way_out": "canyon_of_trials"
      }
    },
    "ancient_map": {
      "description": "Among the merchant's wares, you find an ancient map, its parchment crackling with age. The map shows a route through the desert, leading to a city marked with a strange symbol. The merchant tells you that the map is the key to finding the lost city, but he warns you that the way is treacherous and that the map itself is imbued with a powerful magic.",
      "exits": {
        "follow_the_map": "path_of_the_ancients",
        "ask_the_merchant_for_guidance": "desert_sage",
        "explore_the_bazaar": "bazaar_of_echoes"
      }
    },
    "tale_of_the_sands": {
      "description": "In a quiet corner of the bazaar, you find a storyteller weaving tales for a small crowd of listeners. As you join the audience, the storyteller begins a new tale - a story of a great hero who rose from the sands to challenge the gods themselves. The tale is one of bravery and sacrifice, of love and loss, and you find yourself drawn into the world of the story, your own quest forgotten for a moment.",
      "exits": {
        "seek_the_storyteller's_wisdom": "path_of_legends",
        "dismiss_the_tale_as_fiction": "bazaar_of_echoes",
        "ask_for_more_stories": "tapestry_of_tales"
      }
    },
    "forgotten_oasis": {
      "description": "Following the whispers, you find yourself in a forgotten corner of the desert, where the sands give way to a lush oasis. The water is crystal clear and cool, and the air is filled with the scent of jasmine and rose. But there is a sadness that hangs over the oasis, a sense of loss and regret. As you explore, you find the ruins of an ancient temple, its walls inscribed with a story of love and betrayal.",
      "exits": {
        "explore_the_temple": "echoes_of_betrayal",
        "rest_in_the_oasis": "respite_of_the_weary",
        "leave_the_oasis_behind": "whispering_sands"
      }
    },
    "labyrinth_of_secrets": {
      "description": "Searching for clues in the shadows of the bazaar, you find yourself in a labyrinth of narrow alleys and dead ends. The walls are covered in strange symbols and cryptic messages, a code that seems to hint at a hidden truth. As you try to decipher the code, you can feel eyes watching you from the darkness - the eyes of those who would keep the secrets of the bazaar hidden forever.",
      "exits": {
        "decipher_the_code": "vault_of_whispers",
        "confront_your_watchers": "court_of_shadows",
        "retrace_your_steps": "shadows_of_the_past"
      }
    },
    "echoes_of_the_lost": {
      "description": "Following the ghostly figure deeper into the heart of the bazaar, you find yourself in a hidden courtyard, overgrown with ancient vines and crumbling statues. The figure turns to face you, its features obscured by a veil of mist. It speaks to you in a voice that echoes with the weight of centuries, telling you a tale of a great tragedy that befell the bazaar long ago. The figure reveals that it is the spirit of a merchant who was unjustly accused and executed, and that its restless soul has been trapped in the bazaar ever since, seeking justice and redemption.",
      "exits": {
        "offer_to_help_the_spirit": "path_of_redemption",
        "seek_more_information": "tale_of_injustice",
        "leave_the_courtyard": "shadows_of_the_past"
      }
    },
    "heart_of_the_ruins": {
      "description": "At the center of the ruins, you find a great chamber, its walls covered in intricate murals and ancient texts. The chamber seems to pulse with an energy that you can feel in your bones, a power that is both terrifying and alluring. As you study the murals, you begin to understand the true history of the ancient city - a history of great magic and terrible sacrifice, of a people who sought to harness the power of the gods themselves.",
      "exits": {
        "absorb_the_power": "ascent_to_godhood",
        "seal_the_chamber": "guardian_of_the_ancients",
        "flee_the_power": "echoes_of_the_past"
      }
    },
    "price_of_power": {
      "description": "Taking the ancient artifact, you feel a surge of power coursing through your veins. The world around you seems to shimmer and warp, and you can feel the fabric of reality bending to your will. But the power comes at a terrible price - you can feel it consuming you from within, twisting your mind and corrupting your soul. You must choose whether to embrace the power and pay the price, or to cast it aside and seek a different path.",
      "exits": {
        "embrace_the_power": "dark_ascension",
        "cast_aside_the_artifact": "path_of_redemption",
        "seek_to_control_the_power": "balance_of_forces"
      }
    },
    "wrath_of_the_ancients": {
      "description": "As you destroy the ancient artifact, a great wind rises up from the sands, howling with the fury of the ancients. The ruins around you begin to shake and crumble, and you can feel the anger of the gods bearing down upon you. You must face the consequences of your actions and find a way to appease the angry spirits before they tear the world apart.",
      "exits": {
        "face_the_ancients'_fury": "trial_of_the_gods",
        "seek_forgiveness": "path_of_atonement",
        "flee_the_ruins": "desert_wastes"
      }
    },
    "road_to_damnation": {
      "description": "Embracing the forbidden knowledge, you feel a darkness taking root in your heart. The power you have gained is immense, but it comes at the cost of your humanity. You can feel yourself slipping away, becoming a creature of shadow and malice. The road to damnation is a long and twisted one, but you know that there is no turning back now - you must see it through to the end, no matter the cost.",
      "exits": {
        "embrace_the_darkness": "throne_of_shadows",
        "seek_to_control_the_darkness": "balance_of_power",
        "fight_against_the_darkness": "glimmer_of_hope"
      }
    },
    "guardian_of_secrets": {
      "description": "Choosing to seal away the forbidden knowledge, you become the guardian of the ancients' secrets. You vow to protect the world from the terrible power that lies hidden in the ruins, to keep the knowledge safe from those who would seek to use it for their own gain. But the burden of guardianship is a heavy one, and you must be ever-vigilant against the forces of darkness that would seek to break the seals and unleash the forbidden magic upon the world once more.",
      "exits": {
        "defend_the_seals": "eternal_vigil",
        "pass_on_the_guardianship": "legacy_of_the_ancients",
        "seek_to_destroy_the_knowledge": "forbidden_pyre"
      }
    },
    "trials_of_the_chosen": {
      "description": "As you accept your destiny, you find yourself facing a series of trials and challenges that will test your strength, your courage, and your wisdom. You must navigate treacherous dungeons, battle fearsome monsters, and solve ancient riddles in order to prove yourself worthy of the mantle of champion. Each trial brings you closer to your ultimate destiny, but the path is fraught with danger and uncertainty.",
      "exits": {
        "face_the_trials_with_courage": "hall_of_heroes",
        "seek_guidance_from_the_spirits": "whispers_of_the_ancients",
        "doubt_your_destiny": "crossroads_of_fate"
      }
    },
    "council_of_the_wise": {
      "description": "Seeking allies to aid you in your quest, you come before the Council of the Wise - a gathering of the most powerful and knowledgeable beings in the land. The council listens to your tale and debates your worthiness, testing your knowledge and your resolve. Some members of the council doubt your claims and seek to dissuade you from your path, while others offer their wisdom and their support.",
      "exits": {
        "convince_the_council_of_your_destiny": "blessing_of_the_wise",
        "heed_the_council's_warnings": "path_of_caution",
        "reject_the_council's_judgment": "lone_hero's_journey"
      }
    },
    "crossroads_of_doubt": {
      "description": "As you journey deeper into the heart of the desert, you find yourself at a crossroads, torn between your sense of destiny and the doubts that plague your mind. You question whether you are truly worthy of the mantle of hero, whether you have the strength to face the trials that lie ahead. The spirits of the desert whisper to you, offering guidance and temptation, but you must ultimately choose your own path.",
      "exits": {
        "embrace_your_destiny": "trials_of_the_chosen",
        "seek_a_new_path": "journey_of_self-discovery",
        "turn_back_from_your_quest": "return_to_the_beginning"
      }
    },
    "path_of_the_hero": {
      "description": "Heeding the sage's wisdom, you set out on the path of the hero, following in the footsteps of the great champions who came before you. The way is long and arduous, filled with trials and challenges that will test your mettle and your resolve. But you know that this is the only way to truly fulfill your destiny and save the world from the darkness that threatens to consume it.",
      "exits": {
        "face_the_first_trial": "trial_of_courage",
        "seek_out_ancient_artifacts": "quest_for_the_relics",
        "gather_allies": "fellowship_of_heroes"
      }
    },
    "veil_of_illusion": {
      "description": "Questioning the sage's tale, you begin to suspect that there is more to the story than meets the eye. You sense that the sage is hiding something from you, that the history of the desert is not as simple as it seems. As you probe deeper, you begin to unravel a web of illusions and deceptions that have been woven over centuries, hiding the true nature of the world from mortal eyes.",
      "exits": {
        "seek_the_truth": "unraveling_the_mythos",
        "confront_the_sage": "shattered_illusions",
        "embrace_the_illusion": "dance_of_the_seven_veils"
      }
    },
    "hall_of_champions": {
      "description": "Passing the trial of strength, you find yourself in the Hall of Champions - a great chamber filled with the statues of heroes who have come before. The statues seem to come alive as you approach, their eyes glowing with an otherworldly light. They whisper to you of the trials yet to come, of the courage and sacrifice that will be required of you. But they also offer you their strength and their wisdom, a legacy of heroism that you can draw upon in your darkest hour.",
      "exits": {
        "accept_the_champions'_gift": "blessing_of_heroes",
        "face_the_next_trial": "trial_of_wisdom",
        "reflect_on_your_journey": "moment_of_introspection"
      }
    },
    "path_of_wisdom": {
      "description": "Seeking a clever solution to the trial of strength, you find yourself on the Path of Wisdom - a winding road that leads deep into the heart of the canyon. Along the way, you encounter riddles and puzzles that test your intellect and your creativity, challenging you to think beyond the obvious and find new ways to overcome the obstacles in your path. As you solve each puzzle, you feel a sense of growth and enlightenment, a dawning realization of the true nature of wisdom.",
      "exits": {
        "follow_the_path_to_its_end": "temple_of_enlightenment",
        "seek_a_shortcut": "labyrinth_of_folly",
        "turn_back_to_the_trial": "trial_of_strength"
      }
    },
    "path_of_intuition": {
      "description": "Trusting your instincts, you navigate the Chambers of Illusion with a newfound sense of clarity. You begin to see through the deceptions and the tricks, to perceive the true nature of the illusions that surround you. As you make your way through the chambers, you feel a growing sense of connection to the world around you, a deep understanding of the flow of energy and the patterns of the universe.",
      "exits": {
        "follow_your_intuition": "gateway_of_perception",
        "doubt_your_instincts": "labyrinth_of_mirrors",
        "seek_a_logical_solution": "chambers_of_illusion"
      }
    },
    "hall_of_mirrors": {
      "description": "Following the illusions deeper into the chambers, you find yourself in a hall of mirrors - a vast, endless space where every surface reflects your own image back at you. But the reflections are distorted and strange, showing you visions of possible futures and alternate selves. As you gaze into the mirrors, you feel a sense of vertigo and confusion, a blurring of the lines between reality and illusion.",
      "exits": {
        "confront_your_reflection": "shattered_self",
        "seek_the_true_path": "labyrinth_of_truth",
        "lose_yourself_in_the_reflections": "eternal_wandering"
      }
    },
    "path_of_the_ancients": {
      "description": "Following the ancient map, you set out on a journey across the desert, guided by the wisdom of the ancients. The way is treacherous and filled with danger, but you feel a sense of purpose and determination that drives you forward. As you travel, you begin to uncover the secrets of the lost civilization, piecing together the fragments of their history and their knowledge.",
      "exits": {
        "seek_the_lost_city": "ruins_of_the_ancients",
        "follow_the_map's_hidden_clues": "treasure_of_the_sands",
        "encounter_other_travelers": "caravan_of_souls"
      }
    },
    "desert_sage": {
      "description": "Seeking guidance from the merchant, you are directed to a wise desert sage who lives on the outskirts of the bazaar. The sage is an old woman with eyes that sparkle with wisdom and mischief. She listens to your tale and examines the ancient map, tracing her finger along its faded lines. After a moment of contemplation, she looks up at you with a sly smile and tells you that the map is both a guide and a test - a way for the ancients to ensure that only the worthy can find their lost city.",
      "exits": {
        "heed_the_sage's_wisdom": "path_of_trials",
        "ask_for_more_guidance": "riddle_of_the_sphinx",
        "set_out_on_your_own": "desert_wanderer"
      }
    },
    "path_of_legends": {
      "description": "Seeking wisdom from the storyteller, you ask for guidance on your quest. The storyteller looks at you with piercing eyes, as if seeing into your very soul. After a moment, they nod slowly and begin to weave a new tale - a story of a hero who walked the same path as you, facing the same challenges and temptations. The tale is filled with cryptic clues and hidden meanings, a map of sorts to guide you on your journey.",
      "exits": {
        "follow_the_hero's_path": "echoes_of_legend",
        "seek_your_own_way": "uncharted_territory",
        "ask_for_more_stories": "tapestry_of_tales"
      }
    },
    "tapestry_of_tales": {
      "description": "Listening to the storyteller weave their tales, you begin to lose yourself in the rich tapestry of myth and legend. The stories speak of great heroes and terrible villains, of love and loss, of the eternal struggle between light and darkness. As you listen, you feel a sense of connection to something greater than yourself, a sense of your own place in the grand narrative of the universe.",
      "exits": {
        "seek_meaning_in_the_stories": "threads_of_fate",
        "enjoy_the_tales_for_their_own_sake": "respite_of_the_weary",
        "share_your_own_story": "tale_of_the_seeker"
      }
    },
    "echoes_of_betrayal": {
      "description": "Exploring the ruined temple in the forgotten oasis, you uncover a tragic tale of love and betrayal. The walls are covered in faded murals depicting two lovers, a prince and a priestess, whose forbidden love brought about the downfall of their civilization. As you study the murals, you begin to feel the weight of their tragedy, the sorrow and the anger that still linger in this place.",
      "exits": {
        "seek_to_break_the_cycle": "path_of_redemption",
        "learn_from_the_lovers'_mistakes": "wisdom_of_the_heart",
        "leave_the_temple_behind": "forgotten_oasis"
      }
    },
    "respite_of_the_weary": {
      "description": "Resting in the tranquil beauty of the forgotten oasis, you feel a sense of peace and restoration wash over you. The water is cool and sweet, and the lush greenery is a balm to your weary eyes. As you rest, you feel your strength returning, your mind clearing, and your spirit healing. You know that the journey ahead will be long and difficult, but for now, you allow yourself this moment of rest and rejuvenation.",
      "exits": {
        "linger_in_the_oasis": "sanctuary_of_dreams",
        "share_tales_with_other_travelers": "caravanserai_of_stories",
        "resume_your_journey": "whispering_sands"
      }
    },
    "vault_of_whispers": {
      "description": "Deciphering the code etched into the walls of the labyrinth, you unlock a hidden vault deep beneath the bazaar. The vault is filled with ancient tomes and artifacts, the collected wisdom and secrets of generations past. As you explore the vault, you hear the whispers of long-dead scholars and sages, their voices echoing through the ages to guide you on your path.",
      "exits": {
        "study_the_ancient_wisdom": "lore_of_the_ancients",
        "seek_the_vault's_greatest_treasure": "heart_of_the_vault",
        "heed_the_whispers'_warnings": "echoes_of_fate"
      }
    },
    "court_of_shadows": {
      "description": "Confronting your watchers, you find yourself in the Court of Shadows - a hidden society that pulls the strings of power behind the scenes of the bazaar. The court is made up of merchants and thieves, assassins and spies, all vying for control of the bazaar's secrets. As you stand before the court, you must navigate a web of intrigue and deception, bargaining for the knowledge you seek while trying to keep your own secrets safe.",
      "exits": {
        "bargain_with_the_court": "deal_with_the_devil",
        "challenge_the_court's_power": "trial_by_shadows",
        "seek_an_ally_within_the_court": "shadow_dancer"
      }
    },
    "path_of_redemption": {
      "description": "Moved by the spirit's tale of injustice, you vow to help them find peace and redemption. The spirit guides you through the bazaar, revealing hidden clues and forgotten secrets that point the way to the truth behind their tragic fate. As you unravel the mystery, you must confront the corrupt powers that condemned the spirit, seeking justice for the wronged and redemption for the lost.",
      "exits": {
        "expose_the_truth": "vindication_of_the_fallen",
        "forgive_the_past": "laying_old_ghosts_to_rest",
        "seek_revenge":"cycle_of_vengeance"
      }
    },
    "tale_of_injustice": {
      "description": "Listening to the spirit's tale, you learn of the corrupt merchant guild that once controlled the bazaar with an iron fist. The spirit was a merchant who dared to stand against their tyranny, and paid the ultimate price for their defiance. As you hear the tale, you feel a growing sense of anger and injustice, a desire to right the wrongs of the past and bring the guilty to account.",
      "exits": {
        "vow_to_avenge_the_spirit": "crusade_of_the_righteous",
        "seek_to_break_the_cycle_of_violence": "path_of_reconciliation",
        "leave_the_past_behind": "echoes_of_the_lost"
      }
    },
    "ascent_to_godhood": {
      "description": "Absorbing the power of the ancient chamber, you feel yourself ascending to a new level of being. Your mortal flesh falls away, replaced by pure energy and divine essence. You become a god, a being of immense power and knowledge, capable of shaping the very fabric of reality to your will. But with godhood comes great responsibility, and the weight of the universe itself rests upon your shoulders.",
      "exits": {
        "embrace_your_divine_power": "throne_of_the_gods",
        "guide_the_world_with_wisdom": "divine_stewardship",
        "reject_the_power_as_a_curse": "fall_from_grace"
      }
    },
    "guardian_of_the_ancients": {
      "description": "Sealing the ancient chamber, you take on the mantle of Guardian - a sacred duty to protect the world from the forbidden knowledge and power within. You stand eternal vigil over the ruins, watching for any who would seek to unleash the ancient secrets upon an unsuspecting world. Generations pass, empires rise and fall, but still you remain, a silent sentinel guarding against the darkness.",
      "exits": {
        "pass_on_the_guardianship": "choosing_a_successor",
        "maintain_your_eternal_watch": "vigil_of_the_ages",
        "question_your_purpose": "a_guardian's_doubts"
      }
    },
    "dark_ascension": {
      "description": "Embracing the dark power of the artifact, you feel yourself being transformed, your humanity slipping away as you ascend to a new level of being. You become a creature of shadow and malice, a dark demigod whose very presence brings fear and despair. With your newfound power, you set out to conquer the world, to remake it in your own twisted image.",
      "exits": {
        "revel_in_your_dark_power": "reign_of_terror",
        "seek_greater_conquests": "path_of_the_conqueror",
        "question_the_cost_of_power": "seeds_of_doubt"
      }
    },
    "balance_of_forces": {
      "description": "Realizing the dangers of unchecked power, you seek to find a balance between the light and the dark, to harness the power of the artifact without being consumed by it. You walk a tightrope between two worlds, constantly struggling to maintain equilibrium. But the power is seductive, and the whispers of temptation are always there, urging you to let go and embrace the darkness within.",
      "exits": {
        "maintain_the_balance": "path_of_harmony",
        "give_in_to_temptation": "descent_into_shadow",
        "reject_both_light_and_dark": "way_of_the_void"
      }
    },
    "trial_of_the_gods": {
      "description": "Facing the wrath of the ancients, you find yourself transported to a divine realm, standing before a pantheon of angry gods. They put you through a series of trials and challenges, testing your strength, your wisdom, and your resolve. The trials are painful and often brutal, pushing you to the very limits of your endurance. But through the suffering, you begin to understand the nature of the gods, and the heavy burden of power and responsibility they bear.",
      "exits": {
        "prove_your_worth": "favor_of_the_gods",
        "defy_the_gods": "wrath_of_the_heavens",
        "beg_for_mercy": "eternal_penance"
      }
    },
    "path_of_atonement": {
      "description": "Seeking to atone for the destruction of the ancient artifact, you undertake a pilgrimage of redemption. You wander the desert, helping those in need and righting wrongs wherever you find them. You become a legend among the people of the sands, a nameless hero whose selfless acts bring hope and healing to a troubled land. But always, the weight of your guilt follows you, a shadow that can never be truly escaped.",
      "exits": {
        "continue_your_pilgrimage": "road_of_redemption",
        "seek_forgiveness_from_the_ancients": "rite_of_absolution",
        "live_with_your_guilt": "burden_of_the_past"
      }
    },
    "desert_wastes": {
      "description": "Fleeing the ruined city, you find yourself lost in the vast desert wastes. The sun beats down mercilessly, and the sands stretch out in every direction, an endless sea of desolation. You wander for days, your supplies dwindling, your hope fading. The desert plays tricks on your mind, conjuring mirages of water and shelter that vanish like smoke when approached. In this barren wilderness, you must confront the emptiness within yourself, and find the strength to carry on.",
      "exits": {
        "search_for_an_oasis": "mirage_of_hope",
        "follow_the_stars": "celestial_navigation",
        "give_in_to_despair": "tomb_of_the_forsaken"
      }
    },
    "throne_of_shadows": {
      "description": "Fully embracing the darkness, you ascend to the Throne of Shadows - a seat of terrible power that grants dominion over the realm of night. From your dark throne, you rule over a kingdom of nightmares and despair, twisting the dreams of the innocent into visions of horror. Your subjects cower in fear before you, offering sacrifices and prayers to appease your dark hunger. But even as you revel in your power, you begin to realize the true cost of the darkness you have embraced.",
      "exits": {
        "revel_in_your_dark_reign": "emperor_of_the_night",
        "seek_to_expand_your_power": "conquest_of_shadows",
        "question_your_dark_path": "whispers_of_light"
      }
    },
    "balance_of_power": {
      "description": "Struggling to control the darkness within you, you seek to find a balance between your humanity and the dark power that threatens to consume you. You walk the line between light and shadow, using your power for good where you can, but always feeling the temptation to give in to your darker impulses. It is a constant battle, a war waged within your own soul, and the outcome is never certain.",
      "exits": {
        "use_your_power_for_good": "path_of_the_guardian",
        "give_in_to_the_darkness": "fall_from_grace",
        "reject_your_power": "the_hollow_man"
      }
    },
    "glimmer_of_hope": {
      "description": "Even in the depths of darkness, you cling to a glimmer of hope, a faint light that refuses to be extinguished. You fight against the shadows that threaten to engulf you, holding onto your humanity with a desperate tenacity. It is a struggle that takes all of your strength and willpower, but you know that if you can just hold on, if you can just keep that one spark of light alive, then perhaps there is still a chance for redemption.",
      "exits": {
        "nurture_the_light_within": "rekindling_the_flame",
        "make_a_final_stand": "last_light_in_the_darkness",
        "succumb_to_despair": "dying_of_the_light"
      }
    },
    "eternal_vigil": {
      "description": "Taking up the mantle of guardian, you settle in for an eternal vigil over the forbidden knowledge. Days turn to years, years to centuries, and still you watch and wait, your purpose the only constant in an ever-changing world. The ruins become your home, the secrets your constant companions. You are the last line of defense against the darkness, a silent sentinel standing watch over the ages.",
      "exits": {
        "maintain_your_watch": "the_timeless_guardian",
        "question_your_purpose": "a_guardian's_doubts",
        "abandon_your_post": "the_unguarded_gate"
      }
    },
    "legacy_of_the_ancients": {
      "description": "Realizing that no guardian can stand watch forever, you seek out a worthy successor to pass on the mantle of guardianship. You search far and wide, testing potential candidates with trials of wisdom, courage, and integrity. Finally, you find one who proves worthy, a young hero with a heart as pure as your own. You pass on your knowledge and your duties, entrusting the safety of the world to a new generation.",
      "exits": {
        "train_your_successor": "the_mentor's_path",
        "test_their_readiness": "the_final_trial",
        "have_doubts_about_passing_the_torch": "crisis_of_faith"
      }
    },
    "forbidden_pyre": {
      "description": "In a moment of desperation, you decide that the only way to truly protect the world from the forbidden knowledge is to destroy it utterly. You gather the ancient tomes and artifacts, piling them high on a great pyre. With a heavy heart, you set the flame, watching as the wisdom of the ancients turns to ash before your eyes. But even as the smoke rises into the sky, you can't help but wonder if you've done the right thing, or if you've just destroyed something precious and irreplaceable.",
      "exits": {
        "live_with_your_choice": "ashes_of_the_past",
        "seek_a_new_purpose": "seeker_of_knowledge",
        "try_to_undo_what_you've_done": "forbidden_resurrection"
      }
    },
    "hall_of_heroes": {
      "description": "Emerging from your trials as a true hero, you are welcomed into the Hall of Heroes - a grand chamber where the greatest champions of the land are honored for all eternity. Your statue stands tall among the legends of old, a shining beacon of hope and inspiration for generations to come. But even as you bask in the glory of your triumph, you know that a hero's work is never done, and that new challenges and adventures await you beyond the hall's hallowed walls.",
      "exits": {
        "accept_your_place_among_legends": "a_hero's_welcome",
        "return_to_the_world": "the_hero's_path_continues",
        "ponder_the_price_of_greatness": "the_weight_of_legends"
      }
    },
    "whispers_of_the_ancients": {
      "description": "Seeking guidance from the spirits of the desert, you find yourself drawn into a realm of visions and prophecy. The whispers of the ancients fill your mind, showing you glimpses of the trials and challenges that lie ahead. They speak of a great evil rising in the east, of a darkness that threatens to consume the world. And they tell of a hero who will rise to meet this threat, a champion of light who will drive back the shadows and restore balance to the land.",
      "exits": {
        "accept_your_prophesied_role": "embracing_destiny",
        "question_the_prophecy": "defying_fate",
        "seek_more_answers": "communion_with_the_spirits"
      }
    },
    "crossroads_of_fate": {
      "description": "Lost and uncertain, you find yourself at a crossroads, the path forward shrouded in mist and shadow. The weight of your destiny feels like a burden you're not sure you're ready to bear, and the doubts and fears that plague your mind threaten to overwhelm you. But even in this moment of darkness, you can feel the faint stirrings of something within you - a flicker of courage, a spark of determination that refuses to be extinguished.",
      "exits": {
        "embrace_your_doubts": "the_hero's_struggle",
        "push_forward_despite_uncertainty": "leap_of_faith",
        "seek_clarity": "reflections_in_the_mist"
      }
    },
    "blessing_of_the_wise": {
      "description": "Having proven your worth to the Council of the Wise, you kneel before them as they bestow upon you their blessing. You feel a surge of energy and clarity flowing through you, a sense of purpose and direction that you've never known before. The council grants you ancient artifacts and secret knowledge to aid you in your quest, and their words of wisdom echo in your mind as you set out to face your destiny.",
      "exits": {
        "accept_the_council's_gifts": "the_chosen_path",
        "politely_decline_their_help": "the_humble_hero",
        "question_the_council's_motives": "secrets_and_lies"
      }
    },
    "path_of_caution": {
      "description": "Heeding the council's warnings about the dangers ahead, you resolve to proceed with caution and wisdom. You journey slowly and methodically, taking time to gather information and weigh your options at every turn. You make alliances where you can, and avoid unnecessary risks and confrontations. It is a longer road, but one that may lead to success where haste and recklessness would invite disaster.",
      "exits": {
        "continue_with_caution": "the_long_game",
        "grow_impatient_with_the_slow_pace": "the_hero's_impetuousness",
        "encounter_unexpected_danger": "caution_to_the_wind"
      }
    },
    "lone_hero's_journey": {
      "description": "Rejecting the council's judgment, you set out on your own, determined to prove yourself and fulfill your destiny alone. You face the trials and challenges of your quest with only your own strength and wits to guide you, learning hard lessons and growing in power and wisdom with each obstacle overcome. It is a difficult and solitary path, but one that may forge you into the hero the world needs.",
      "exits": {
        "continue_alone": "the_solitary_champion",
        "seek_out_companions": "the_hero's_allies", 
        "question_your_decision": "the_burden_of_solitude"
      }
    },
    "trial_of_courage": {
      "description": "Your first trial on the path of the hero is a test of courage. You find yourself facing a monstrous beast, a creature of nightmare that seems to embody all your deepest fears. To proceed, you must conquer not only the beast, but your own terror, learning to stand firm in the face of even the most overwhelming odds.",
      "exits": {
        "face_the_beast_head_on": "the_valor_of_heroes",
        "seek_a_clever_solution": "the_wisdom_of_heroes",
        "nearly_succumb_to_fear": "the_hero's_resolve"
      }
    },
    "quest_for_the_relics": {
      "description": "Following the path laid out by the sage, you embark on a quest to recover the ancient relics that are said to hold the key to defeating the great evil. You journey to far-flung corners of the world, braving untold dangers and overcoming impossible odds to claim each relic. With each one gathered, you feel your power and your destiny growing clearer.",
      "exits": {
        "recover_the_final_relic": "the_hero's_ascension",
        "lose_a_relic_to_the_enemy": "the_hero's_setback",
        "question_the_relics'_true_power": "crisis_of_faith"
      }
    },
    "fellowship_of_heroes": {
      "description": "Realizing that no hero can stand alone, you gather a group of brave companions to aid you in your quest. Each brings their own strengths and skills, and together you form an unbreakable bond of friendship and loyalty. United in purpose, you set out to face the darkness, knowing that whatever challenges lie ahead, you will face them together.",
      "exits": {
        "lead_your_companions_to_victory": "triumph_of_fellowship",
        "face_tragedy_and_loss": "the_hero's_burden",
        "confront_internal_strife": "fracturing_of_the_fellowship"
      }
    },
    "unraveling_the_mythos": {
      "description": "Delving deep into the ancient lore, you begin to unravel the true nature of the world and the forces that shape it. You learn of elder gods and cosmic entities, of primal forces that exist beyond the comprehension of mortal minds. The more you learn, the more you realize how little you truly understand, and how vast and terrifying the universe really is.",
      "exits": {
        "continue_seeking_knowledge": "descendant_of_icarus",
        "reject_the_eldritch_truth": "blissful_ignorance",
        "go_mad_from_the_revelation": "shattered_mind" 
      }
    },
    "shattered_illusions": {
      "description": "Confronting the sage, you learn the heartbreaking truth - that the world you thought you knew is nothing but an illusion, a veil of lies and false beliefs. Everything you've ever known or believed in is called into question, and you find yourself adrift in a sea of uncertainty and doubt. The path forward is unclear, and you must find a new truth to cling to in this strange new reality.",
      "exits": {
        "embrace_the_unknown": "the_wanderer's_path",
        "cling_to_the_familiar": "the_hollow_man",
        "seek_a_new_purpose": "forging_a_new_reality"
      }
    },
    "dance_of_the_seven_veils": {
      "description": "Losing yourself in the illusions of the world, you find a strange sort of peace in the dance of lies and deceptions. You become a master of the grand game, a player on the cosmic stage where nothing is as it seems. You wear a thousand faces and tell a thousand stories, always keeping your true self hidden behind a veil of mystery and misdirection.",
      "exits": {
        "continue_the_eternal_dance": "master_of_illusions",
        "tire_of_the_game": "the_final_bow",
        "seek_a_higher_truth": "unveiling_the_self"
      }
    },
    "temple_of_enlightenment": {
      "description": "At the end of the Path of Wisdom, you arrive at the Temple of Enlightenment - a place of pure knowledge and understanding. Here, the secrets of the universe are laid bare before you, and all the questions that have haunted you are finally answered. You emerge from the temple a changed being, your mind expanded and your soul at peace. But with enlightenment comes a new set of challenges, as you must now find a way to bring this wisdom back to the world.",
      "exits": {
        "share_your_enlightenment": "teacher_of_wisdom",
        "withdraw_from_the_world": "the_ascetic's_path",
        "struggle_with_the_burden_of_knowledge": "the_lonely_sage"
      }
    },
    "gateway_of_perception": {
      "description": "Following your intuition, you step through the Gateway of Perception - a portal to a higher realm of consciousness. Here, the boundaries of the self dissolve, and you experience a profound unity with all of existence. You see the interconnectedness of all things, and the illusory nature of the divisions and distinctions that define the mortal world. This understanding grants you a new power and a new perspective, but also a great responsibility to use this wisdom for the good of all.",
      "exits": {
        "embrace_your_expanded_consciousness": "the_enlightened_one",
        "struggle_with_the_weight_of_understanding": "the_atlas_of_the_mind", 
        "return_to_the_mortal_realm": "the_reluctant_bodhisattva"
      }
    },
    "ruins_of_the_ancients": {
      "description": "Your journey leads you to the Ruins of the Ancients - a once-great city now reduced to crumbling stone and faded memories. Amidst the rubble, you discover the remnants of a powerful civilization, one that had mastered great magics and technologies now lost to time. As you explore the ruins, you begin to piece together the story of their rise and fall, and the terrible fate that befell them in the end.",
      "exits": {
        "learn_from_their_mistakes": "the_cautionary_tale",
        "seek_to_reclaim_their_power": "the_archaeologist's_folly",
        "honor_their_memory": "requiem_for_a_lost_civilization"
      }
    },
    "treasure_of_the_sands": {
      "description": "Following the map's hidden clues, you uncover the Treasure of the Sands - a legendary artifact of immense power. The treasure is said to grant the desires of whoever possesses it, and many have died seeking its hidden resting place. Now, as you hold it in your hands, you feel its power thrumming through your veins, offering you the chance to remake the world according to your will.",
      "exits": {
        "use_the_treasure's_power": "the_monkey's_paw",
        "destroy_the_treasure": "the_hero's_sacrifice",
        "hide_the_treasure_away": "the_secret_keeper"
      }
    },
    "caravan_of_souls": {
      "description": "Crossing the desert, you encounter the Caravan of Souls - a procession of lost spirits bound for the afterlife. You walk among them for a time, hearing their stories and their regrets, learning the wisdom that only the dead can teach. As you journey with them, you begin to understand the true nature of life and death, and the cyclical journey of the soul.",
      "exits": {
        "continue_on_with_the_caravan": "the_psychopomp's_journey",
        "take_your_leave": "the_boundary_walker",
        "seek_to_free_the_trapped_souls": "the_redeemer's_burden"
      }
    },
    "lore_of_the_ancients": {
      "description": "Studying the ancient texts and artifacts in the vault, you begin to unravel the deeper mysteries of the world. You learn of forgotten histories and lost civilizations, of the rise and fall of great empires and the heroes and villains who shaped their fates. The more you read, the more you realize how much has been forgotten, and how much wisdom has been lost to the sands of time.",
      "exits": {
        "continue_your_studies": "the_scholar's_path",
        "use_the_knowledge_you've_gained": "the_loremaster's_legacy",
        "become_overwhelmed_by_the_weight_of_history": "the_burden_of_knowledge" 
      }
    },
    "heart_of_the_vault": {
      "description": "In the deepest chamber of the vault, you discover the Heart of the Vault - a powerful artifact that is said to be the source of all the knowledge and magic contained within. As you approach the Heart, you feel its power calling out to you, offering you the chance to become one with the wisdom of the ages. But you also sense a great danger, a warning that to merge with the Heart is to lose yourself forever in its endless depths.",
      "exits": {
        "merge_with_the_heart": "the_keeper_of_knowledge",
        "destroy_the_heart": "the_end_of_wisdom",
        "seal_the_heart_away": "the_guardian's_duty"
      }
    },
    "echoes_of_fate": {
      "description": "Heeding the whispers of the vault, you begin to understand the greater patterns of fate and destiny that shape the world. You see how your own choices and actions are interwoven with those of others, forming a grand tapestry of cause and effect. The weight of this understanding is both empowering and terrifying, as you realize that every decision you make has the potential to change the course of history.",
      "exits": {
        "embrace_your_role_in_the_pattern": "the_hand_of_destiny",
        "seek_to_defy_fate": "the_rebel's_path",
        "become_paralyzed_by_the_burden_of_choice": "the_victim_of_fate"
      }
    },
    "deal_with_the_devil": {
      "description": "Bargaining with the Court of Shadows, you agree to do their bidding in exchange for the knowledge and power you seek. They send you on dark errands and sinister missions, each one pushing you further down the path of corruption. You tell yourself that the ends justify the means, that you'll be able to turn things around once you have what you need. But with each compromise, each moral line crossed, you can feel yourself slipping further into the shadows.",
      "exits": {
        "embrace_your_role_as_their_agent": "the_shadow's_servant",
        "try_to_double_cross_them": "the_court's_vengeance",
        "seek_to_break_free": "escape_from_shadow"
      }
    },
    "trial_by_shadows": {
      "description": "Challenging the Court's power, you are subjected to the Trial by Shadows - a gauntlet of mental and physical torments designed to break your will and crush your spirit. You are assailed by your deepest fears and most hidden shames, forced to confront the darkest parts of your own psyche. It is an ordeal that would shatter a lesser soul, but you endure, clinging to your sense of self even as the shadows try to tear it away.",
      "exits": {
        "emerge_victorious": "the_unbroken_spirit", 
        "be_consumed_by_the_shadows": "the_court's_thrall",
        "strike_a_bargain_mid-trial": "the_devil's_due"
      }
    },
    "shadow_dancer": {
      "description": "Seeking an ally within the Court, you are drawn to the Shadow Dancer - a mysterious figure who seems to move between the world of light and the realm of darkness with ease. They offer to teach you their secrets, to show you how to walk the line between good and evil without losing yourself. But as you delve deeper into their teachings, you begin to wonder if they are truly a friend, or just another predator in the endless dance of shadows.",
      "exits": {
        "master_their_techniques": "the_shadow_walker",
        "reject_their_philosophy": "the_light_in_the_dark",
        "become_entangled_in_their_schemes": "web_of_shadows"
      }
    },
    "vindication_of_the_fallen": {
      "description": "Through your tireless efforts, you finally uncover the truth behind the spirit's unjust condemnation. You bring the evidence before the rulers of the city, exposing the corruption and deceit that led to their execution. The spirit's name is cleared, and they are finally able to rest in peace. But your work has made you powerful enemies, and you know that the fight for justice is far from over.",
      "exits": {
        "continue_your_crusade": "the_reformer's_path",
        "rest_on_your_laurels": "the_satisfied_servant",
        "face_the_consequences_of_your_actions": "the_price_of_justice"
      }
    },
    "laying_old_ghosts_to_rest": { 
      "description": "Though the injustice done to the spirit can never be fully undone, you offer them the one thing that can bring them peace: forgiveness. You perform a ritual to lay their weary soul to rest, absolving them of the false crimes that have weighed them down for so long. As they fade away into the light, you feel a sense of closure and a newfound understanding of the power of mercy.",
      "exits": {
        "continue_offering_forgiveness": "the_redeemer's_touch",
        "hold_onto_your_anger": "the_unforgiving_heart",
        "seek_balance": "the_scales_of_justice"
      }
    },
    "cycle_of_vengeance": {
      "description": "Consumed by your anger at the spirit's unjust fate, you lash out at those responsible, seeking to make them pay for their crimes. But violence only begets more violence, and soon you find yourself caught in an endless cycle of retribution and revenge. With each strike against your enemies, you can feel a piece of your own humanity slipping away, replaced by a cold, unfeeling thirst for blood.",
      "exits": {
        "embrace_the_path_of_vengeance": "the_spirit_of_vengeance", 
        "seek_to_break_the_cycle": "the_peacemaker's_burden",
        "become_lost_in_the_violence": "the_hollow_avenger"
      }
    },
    "crusade_of_the_righteous": {
      "description": "Taking up the spirit's cause as your own, you wage a holy crusade against the forces of corruption and injustice in the city. You become a beacon of righteousness, a shining light in the darkness that draws the downtrodden and the oppressed to your banner. But the brighter the light, the deeper the shadow, and your enemies will stop at nothing to see you fall.",
      "exits": {
        "lead_your_followers_to_victory": "the_triumph_of_justice",
        "face_a_crisis_of_faith": "the_doubting_crusader",
        "fall_to_pride_and_hypocrisy": "the_fallen_idol"
      }
    },
    "path_of_reconciliation": {
      "description": "Recognizing the futility of endless conflict, you seek to find a path to reconciliation and understanding. You reach out to your enemies, seeking to find common ground and build bridges where there was once only hatred and mistrust. It is a difficult and often thankless task, but you persist, believing that peace is always possible if one has the courage to pursue it.", 
      "exits": {
        "forge_a_lasting_peace": "the_peacemaker's_triumph",
        "face_setbacks_and_challenges": "the_long_road_to_harmony",
        "be_betrayed_by_those_you_trusted": "the_price_of_trust"
      }
    },
    "throne_of_the_gods": {
      "description": "Ascending to godhood, you take your place among the pantheon of divine beings who shape the course of the world. From your lofty throne, you gaze down upon the mortal realm, your newfound powers allowing you to manipulate the very fabric of reality itself. But even gods are not immune to the temptations of power, and you must be ever-vigilant against the corruption that threatens to tarnish your divine essence.",
      "exits": {
        "rule_with_wisdom_and_benevolence": "the_god_of_light",
        "succumb_to_your_own_hubris": "the_mad_god",
        "tire_of_your_divine_duties": "the_forsaken_deity"
      }
    },
    "divine_stewardship": {
      "description": "Recognizing the immense responsibility that comes with your newfound powers, you vow to use them for the good of all, becoming a steward of the world and its people. You guide the course of nations and the destinies of heroes, always striving to maintain the delicate balance between order and chaos. It is a heavy burden, but one you bear with grace and humility.",
      "exits": {
        "lead_the_world_into_a_golden_age": "the_architect_of_paradise",
        "face_a_crisis_that_tests_your_resolve": "the_god's_trial",
        "doubt_your_own_decisions": "the_reluctant_god"
      }
    },
    "fall_from_grace": {
      "description": "In your hubris, you reach too far, and the powers you have claimed turn against you. Your divine essence is stripped away, and you are cast down from the heavens, condemned to walk the earth as a mortal once more. But the memory of your godhood still burns within you, a constant reminder of the heights from which you have fallen.",
      "exits": {
        "seek_to_regain_your_divinity": "the_fallen_god's_quest",
        "accept_your_mortal_fate": "the_humbled_hero",
        "rage_against_the_injustice_of_it_all": "the_divine_rebel"
      }
    },
    "favor_of_the_gods": {
      "description": "Through your unwavering dedication and the purity of your heart, you pass the gods' trials, proving yourself worthy of their favor. They grant you a portion of their power and appoint you as their champion, a mortal agent tasked with carrying out their divine will in the world below. It is a great honor, but also a great responsibility, as you must now balance the needs of the gods with the welfare of the people you have sworn to protect.",
      "exits": {
        "serve_faithfully_as_the_gods'_champion": "the_divine_agent",
        "use_your_power_to_help_the_common_folk": "the_people's_champion",
        "struggle_with_the_weight_of_your_duties": "the_burdened_hero"
      }
    },
    "wrath_of_the_heavens": {
      "description": "In your arrogance, you defy the gods, and in their wrath, they condemn you to an eternity of suffering and penance. You are cast into the darkest pits of the underworld, where you are tormented by visions of your own failures and the suffering you have caused. But even in the depths of your despair, a spark of defiance still burns within you, a refusal to submit to the gods' judgment.",
      "exits": {
        "endure_your_punishment_stoically": "the_unyielding_spirit",
        "seek_forgiveness_and_redemption": "the_penitent_soul",
        "plot_your_revenge_against_the_gods": "the_eternal_rebel"
      }
    },
    "eternal_penance": {
      "description": "In your hubris, you defy the gods, and in their wrath, they condemn you to an eternity of suffering and penance. You are cast into the darkest pits of the underworld, where you are tormented by visions of your own failures and the suffering you have caused. But even in the depths of your despair, a spark of defiance still burns within you, a refusal to submit to the gods' judgment.",
      "exits": {
        "endure_your_punishment_stoically": "the_unyielding_spirit",
        "seek_forgiveness_and_redemption": "the_penitent_soul",
        "plot_your_revenge_against_the_gods": "the_eternal_rebel"
      }
    },
    "road_of_redemption": {
      "description": "You continue your pilgrimage of atonement, wandering the world and doing good wherever you can. You become a legend among the people, a nameless wanderer who appears in times of need and vanishes just as quickly. Your deeds inspire others to acts of kindness and compassion, creating ripples of positive change that spread far beyond your own actions. And though the weight of your past sins still hangs heavy on your heart, you find a measure of peace in the knowledge that you are making a difference, one small act of redemption at a time.",
      "exits": {}
    },
    "rite_of_absolution": {
      "description": "Seeking forgiveness from the ancients, you undertake a sacred rite of absolution. You fast and meditate, subjecting yourself to rigorous spiritual trials designed to purge your soul of guilt and regret. In the end, you receive a vision - a message from the ancients themselves. They acknowledge your sincere repentance and grant you their forgiveness, lifting the burden of your past misdeeds. You emerge from the rite cleansed and renewed, ready to start anew on the path of righteousness.",
      "exits": {}
    },
    "burden_of_the_past": {
      "description": "Though you have atoned for your actions and done much good in the world, you find that you cannot escape the weight of your past. The memory of your mistake, of the irreplaceable knowledge you destroyed, haunts you every waking moment. You try to bury yourself in your new life, in the roles of helper and healer, but always, the specter of your former self looms over you. In the end, you realize that true redemption may not be possible, that some stains on the soul can never be fully washed clean. But still, you resolve to keep trying, to devote your life to the service of others, in the hope that someday, the scales of your deeds may balance in the eyes of the cosmos.",
      "exits": {}
    },
    "mirage_of_hope": {
      "description": "Lost in the desert wastes, your mind begins to play tricks on you. In the shimmering heat, you see a vision of a lush oasis, a haven of cool water and green trees beckoning you from the horizon. With renewed energy, you push towards it, convinced that salvation is at hand. But as you approach, the vision begins to fade, dissolving into the empty air until you are left once again with nothing but sand and sun. The mirage of hope was just that - a cruel illusion born of desperation and delirium. But in chasing it, you have strayed far from your path, and now find yourself more lost than ever in the vast expanse of the desert.",
      "exits": {}
    },
    "celestial_navigation": {
      "description": "Remembering the ancient wisdom passed down to you, you look to the stars for guidance. Even in the trackless waste of the desert, the constellations remain constant, eternal signposts in the night sky. By charting their positions and movements, you are able to orient yourself and set a course towards your destination. It is a slow and painstaking process, requiring great patience and precision, but it is also a profound reminder of your place in the grand scheme of things - a tiny speck of life beneath the vast canopy of the cosmos. And as you navigate by the light of distant suns, you feel a sense of connection to the ancients who first mapped these stars, and to all the generations of wanderers who have used them to find their way.",
      "exits": {}
    },
    "tomb_of_the_forsaken": {
      "description": "Overwhelmed by despair, you collapse into the sand, no longer possessing the will to continue. As your consciousness fades, you feel yourself sinking into the earth, the desert sands covering you like a burial shroud. You have become one of the forsaken, the lost souls who have succumbed to the merciless wasteland. In your final moments, you see visions of all the others who have shared your fate throughout the ages - a vast necropolis of forgotten bones and unremembered names, stretching beneath the barren expanse. It is a chilling vision, but also strangely comforting - a reminder that even in death, you are not alone. And as the last breath leaves your body, you feel a sense of release, a final letting go of the burdens and regrets that have weighed you down for so long.",
      "exits": {}
    },
    "emperor_of_the_night": {
      "description": "Reveling in your dark power, you extend your dominion over all the realms of shadow. You become the Emperor of the Night, a being of supreme and terrible majesty. The darkness is yours to command, and all creatures of the shadow bow before you. You build a great citadel at the heart of your domain, a place of twisted beauty and unimaginable horrors. From here, you orchestrate your reign of terror, sending your minions forth to sow fear and despair in the world of light. And as your power grows, so too does your hunger - an insatiable craving for more darkness, more suffering, more souls to consume. In the end, you are no longer a being of this world, but a force of pure nightmare, a void that can never be filled.",
      "exits": {}  
    },
    "conquest_of_shadows": {
      "description": "Not content with your dominion over the realm of night, you set your sights on new conquests. You lead your shadow armies in a campaign of relentless expansion, subjugating other dark realms and incorporating their power into your own. Each victory feeds your ambition and your hunger, driving you to seek out ever greater challenges. But as your empire grows, so too do the threats arrayed against you. Ancient enemies stir in the depths, rival lords of darkness scheme against your rule, and even your own minions begin to whisper of rebellion. To maintain your grip on power, you must become ever more ruthless, ever more tyrannical, sacrificing all that once made you human. In the end, you are the architect of your own downfall - a tyrant undone by the very forces you sought to control.",
      "exits": {}
    },
    "whispers_of_light": {
      "description": "Even as you sit upon the Throne of Shadows, you begin to hear whispers - faint echoes of the light you once knew. At first, you dismiss them as weakness, as the last desperate gasps of your fading humanity. But as time passes, the whispers grow louder, more insistent. They speak to you of honor, of compassion, of the nobility of the spirit. They remind you of the person you once were, before the darkness took hold. To your horror, you realize that a part of you yearns to heed these whispers, to turn back from the abyss and seek the light once more. But the path of redemption is long and arduous, and the shadows will not release their grip easily. To have any hope of reclaiming your soul, you must be willing to risk everything - your power, your kingdom, even your very existence. It is a choice that will define your destiny for all eternity.",
      "exits": {}
    },
    "path_of_the_guardian": {
      "description": "Choosing to use your dark gifts for good, you become a guardian of the weak and innocent. You prowl the shadows, seeking out those who would prey upon the helpless and delivering swift, merciless justice. Your methods are brutal and your mercy scant, but to those you protect, you are a savior, a dark angel watching over them. It is a lonely path, one that sets you apart from those you defend. You can never truly belong to the world of light, forever tainted by the darkness within you. But you take solace in the knowledge that your actions, however grim, have meaning - that in your own shadowy way, you are making a difference. And perhaps, in time, the weight of your good deeds may balance the scales of your soul, offering a glimmer of redemption even to one as steeped in darkness as you.",
      "exits": {}
    },
    "the_hollow_man": {
      "description": "Unable to bear the burden of your dark powers any longer, you choose to abandon them entirely. Through great effort and sacrifice, you manage to purge yourself of the shadow's taint, emerging as a mortal once more. But the process leaves you hollow, a shell of your former self. Your memories are fractured, your emotions muted, your very sense of identity eroded. You wander the world as a ghost, going through the motions of life but never truly living. In forsaking the darkness, you have also lost the passion and purpose that once drove you. Now, you are a void, a blank slate waiting to be filled. Will you find a new reason to live, a new light to guide you? Or will you remain forever empty, a husk of a man drifting aimlessly through a world you no longer understand?",
      "exits": {}
    },
    "rekindling_the_flame": {
      "description": "Focusing on the spark of light within you, you begin the long, slow process of rekindling your humanity. Day by day, choice by choice, you nurture that flame, feeding it with acts of compassion, sacrifice, and love. It is a difficult journey, fraught with setbacks and temptations. The darkness still calls to you, promising power and pleasure in exchange for your nascent soul. But you hold firm, clinging to the light even in your bleakest moments. Gradually, almost imperceptibly at first, you begin to change. Your heart softens, your mind clears, your spirit strengthens. You will never be free of the shadow - it is too much a part of you now - but you have learned to control it, to use it rather than be used by it. And in the light of your rekindled humanity, even the deepest darkness must eventually yield.",
      "exits": {}
    },
    "last_light_in_the_darkness": {
      "description": "As the darkness closes in around you, you make a final, defiant stand. You rally all the remaining light within you, all the love and hope and courage that yet flickers in your heart, and you unleash it in one glorious burst. For a moment, you are incandescent, a blazing beacon in the night, driving back the shadows with the sheer force of your will. It is a moment of supreme exaltation, of transcendent power and purpose. But it is also a moment of ultimate sacrifice. In giving all of yourself to the light, you ensure your own destruction. As the last of your essence fades, you feel a profound sense of peace. You have made your choice, and you have made it well. And as you slip into the welcoming embrace of oblivion, you know that your light will live on, a lasting testament to the indomitable human spirit.",
      "exits": {}
    },
    "dying_of_the_light": {
      "description": "In the end, the darkness proves too strong, your spirit too weak to resist its inexorable pull. Slowly, inexorably, the last light within you gutters and fades, swallowed up by the growing shadows. You feel your humanity slipping away, your memories, your dreams, your very sense of self dissolving into the void. In its place, there is only hunger, only the insatiable craving for more darkness, more power, more oblivion. You have become a creature of pure shadow, a night-dweller forever lost to the light. And as the last vestige of your former self disappears, you feel no sorrow, no regret - only a grim satisfaction and a terrible, empty yearning. The path of darkness is complete, and there can be no turning back. All that remains is the long descent into the ultimate, all-consuming black.",
      "exits": {}
    },
    "the_timeless_guardian": {
      "description": "Ages pass, empires rise and fall, and still you keep your eternal vigil over the forbidden knowledge. You become a legend, a mythic figure whispered about in tales and songs. Some say you are a god, others a demon, but the truth is lost to the mists of time. All that remains is your duty, your endless watch over the secrets that must never be unleashed upon the world again.",
      "exits": {}
    },
    "a_guardian's_doubts": {
      "description": "As the centuries grind on, you begin to question the purpose of your vigil. What is the point of guarding this knowledge if it is never to be used? Are you truly protecting the world, or merely denying it the wisdom and power that could be used for good? These doubts gnaw at you, eroding your resolve. You find yourself tempted to peek into the forbidden tomes, to taste the power you have sworn to keep locked away. It is a slippery slope, one that could lead to your downfall and the very catastrophe you have dedicated your life to preventing. But the lure of knowledge, of understanding, is strong - perhaps too strong to resist forever. In the end, only your own conscience and strength of will can determine whether you will remain true to your oath, or succumb to the siren song of the secrets you guard.",
      "exits": {}
    },
    "the_mentor's_path": {
      "description": "You take your successor under your wing, training them in the ways of wisdom and martial prowess. You teach them all that you have learned, preparing them for the heavy mantle of guardianship that they must one day bear. As the years pass, you watch with pride as they grow into a hero in their own right, a worthy inheritor of your legacy. And when the time comes for you to lay down your burden, you do so with a peaceful heart, knowing that the world is in good hands.",
      "exits": {}
    },
    "crisis_of_faith": {
      "description": "As the time to choose a successor draws near, you find yourself plagued by doubts and uncertainties. Have you made the right choices? Is there anyone truly worthy of this immense responsibility? The weight of the centuries bears down upon you, and you feel the first cracks beginning to form in your resolve. In your darkest moments, you wonder if it would be better to let the secrets die with you, to take the burden to your grave rather than risk it falling into the wrong hands.",
      "exits": {}
    },
    "ashes_of_the_past": {
      "description": "With the forbidden knowledge reduced to ashes, you feel a sense of both relief and emptiness. The great burden you have carried for so long is finally gone, but so too is the purpose that has driven you for untold years. You wander the world like a ghost, seeking a new reason to go on, haunted by the memory of all that you have lost. In time, you find a measure of peace in the simple things, in the beauty of a sunrise or the laughter of a child. And though the ashes of the past still cling to you, you learn to live again.",
      "exits": {}
    },
    "seeker_of_knowledge": {
      "description": "Though the forbidden lore is gone, your thirst for knowledge remains unquenched. You set out on a new quest, scouring the world for scraps of wisdom and fragments of ancient secrets. You delve into crumbling tombs and scale mountain peaks, always seeking, always striving for the next revelation. Slowly, you piece together a new understanding of the world, one not based on the dangerous power of the past, but on the endless potential of the future.",
      "exits": {}
    }
  }
}