{
  "name": "Forgotten Catacombs",
  "button_color": "#8b4513",
  "start_room": "start",
  "rooms": {
    "start": {
      "description": "You are a renowned archaeologist, your name whispered in hushed tones by those who seek to unravel the most profound and terrifying mysteries of the ancient world. Your latest expedition has led you deep into the heart of the Sahara Desert, where rumors of a long-forgotten civilization have drawn you like a moth to a flame.\n\nFor weeks, you and your team have braved the blistering heat and treacherous dunes, driven by a burning desire to uncover the truth buried beneath the sands. Finally, after countless setbacks and near-misses, your perseverance is rewarded when you stumble upon a hidden entrance, its carved stone façade a tantalizing glimpse into a world long since lost to time.\n\nAs you descend into the darkness, the air grows thick and stale, a palpable weight pressing down upon you with each step. Your torchlight casts flickering shadows that seem to dance across the ancient walls, their secrets whispering to you in a language forgotten by the modern world.\n\nSkill check: You must roll 1d8 with a target of 5 to safely navigate the crumbling tunnels.",
      "exits": {
        "Venture Forth": {
          "skill_check": {
            "dice_type": "1d8",
            "target": 5,
            "success": {
              "description": "With careful steps and a keen eye for potential hazards, you navigate the treacherous tunnels, your heart pounding with a mixture of excitement and trepidation. The deeper you delve, the more you feel the weight of centuries pressing down upon you, as if the very earth itself is resisting your intrusion.\n\nEventually, you emerge into a vast chamber, its vaulted ceilings stretching impossibly high above, supported by towering columns engraved with intricate hieroglyphs. In the center of the chamber, you discover a massive sarcophagus, its surface adorned with images of fearsome deities and cryptic symbols that send a shiver down your spine.\n\nYou have stumbled upon something truly remarkable, a discovery that could rewrite the very history of civilization as we know it. But as you gaze upon the sarcophagus, a sense of foreboding settles over you, a primal warning that some secrets are better left undisturbed.",
              "room": "main_chamber"
            },
            "failure": {
              "description": "The crumbling tunnels prove too treacherous for your team to navigate safely. With each step, the risk of a collapse grows, and you're forced to retreat before you become entombed within the ancient ruins.\n\nAs you emerge back into the scorching desert sun, you can't help but feel a pang of disappointment. The secrets of this forgotten civilization will remain buried for now, but you vow to return one day, better prepared to face the dangers that lie beneath the sands.",
              "room": "end"
            }
          }
        }
      },
      "image": null
    },
    "main_chamber": {
      "description": "The main chamber is a breathtaking sight, a testament to the ingenuity and artistry of a civilization long since lost to history. As you and your team fan out to explore the intricate carvings and hieroglyphs adorning the walls, you can't help but feel a sense of reverence, as if you've stumbled upon a sacred place untouched by the ravages of time.\n\nYour attention is drawn to the massive sarcophagus at the center of the chamber, its imposing presence commanding respect and igniting your curiosity. You can't resist the urge to investigate further, to unravel the mysteries it holds, and to uncover the secrets of the ancient culture that created it.\n\nSkill check: You must roll 1d10 with a target of 7 to properly decipher the hieroglyphs and unlock the sarcophagus.",
      "exits": {
        "Examine the Sarcophagus": {
          "skill_check": {
            "dice_type": "1d10",
            "target": 7,
            "success": {
              "description": "After hours of painstaking study, you and your team manage to decipher the intricate hieroglyphs adorning the sarcophagus, revealing a complex series of mechanisms and safeguards designed to protect its contents from would-be grave robbers.\n\nWith a combination of careful precision and sheer determination, you navigate the ancient traps and unlock the sarcophagus, your heart racing with anticipation of the secrets it may hold.\n\nAs the lid grinds open, a cloud of dust billows forth, carrying with it the scent of age and decay. Within the sarcophagus, you find the mummified remains of what appears to be a high-ranking figure from the lost civilization, adorned with priceless jewels and artifacts that fill you with a childlike sense of wonder.\n\nBut as you lean in for a closer look, something stirs within the depths of the sarcophagus, a presence so ancient and malevolent that it sends a chill down your spine. You realize, with a sinking dread, that you may have awoken something best left undisturbed.",
              "room": "ritual_chamber"
            },
            "failure": {
              "description": "Despite your team's best efforts, the hieroglyphs adorning the sarcophagus remain an impenetrable enigma, their secrets stubbornly guarded against your attempts to decipher them. Frustration and disappointment weigh heavily upon you as you're forced to abandon your efforts to unlock the sarcophagus, at least for now.\n\nWhile the knowledge this ancient tomb holds may elude you for the time being, you can't help but feel a sense of relief, as if some primal instinct is warning you against delving too deeply into that which should remain undisturbed.",
              "room": "choice_area"
            }
          }
        }
      },
      "image": null
    },
    "ritual_chamber": {
      "description": "As the dust settles and your eyes adjust to the dim light filtering through the sarcophagus, you realize with a growing sense of dread that you've stumbled upon something far more sinister than you could have ever imagined.\n\nThe mummified remains within the sarcophagus are not those of a revered leader or high priest, but rather the desiccated husk of some unholy creature, its twisted features a nightmarish amalgamation of human and bestial traits. Surrounding the sarcophagus, you find a hidden chamber adorned with arcane symbols and disturbing frescoes depicting ritualistic sacrifices and unspeakable acts of depravity.\n\nAs you and your team stand in stunned silence, trying to make sense of the horrors you've uncovered, a low, otherworldly chanting begins to fill the chamber, its source unclear but its malevolent intent unmistakable. The air grows thick and oppressive, weighing heavily upon your chest and making it difficult to breathe.\n\nYou realize, with a sinking sense of dread, that your exploration of these forgotten ruins has awakened an ancient evil, a force so powerful and malignant that it threatens to consume you and your team if you don't act quickly.",
      "exits": {
        "Attempt to Banish the Evil": {
          "room": "ritual_choice"
        },
        "Flee the Catacombs": {
          "room": "escape_attempt"
        }
      },
      "image": null
    },
    "ritual_choice": {
      "description": "As the malevolent chanting grows louder and more insistent, you realize that your only chance of survival lies in attempting to banish the ancient evil you've unwittingly awakened. Drawing upon your knowledge of arcane rituals and esoteric lore, you begin to formulate a plan, but the path forward is fraught with peril.\n\nYou can attempt to decipher the symbols and frescoes adorning the hidden chamber, hoping to unravel the secret to banishing the evil entity. However, this will require immersing yourself in the profane knowledge contained within, risking your very sanity in the process.\n\nAlternatively, you can attempt to harness the power of the artifacts and relics you've uncovered, channeling their ancient energies into a ritual of your own design. But this path is fraught with uncertainty, and the consequences of failure could be catastrophic.\n\nThe choice is yours, but you know that inaction is not an option. The fate of your team, and perhaps the entire world, hangs in the balance.",
      "exits": {
        "Decipher the Ancient Lore": {
          "room": "sanity_check"
        },
        "Harness the Artifacts' Power": {
          "room": "artifact_ritual"
        }
      },
      "image": null
    },
    "sanity_check": {
      "description": "You steel your resolve and begin the arduous task of deciphering the ancient lore and profane symbols adorning the hidden chamber. As you delve deeper into the disturbing frescoes and eldritch writings, you can feel a creeping sense of unease settling over you, as if the very act of comprehending these blasphemous truths is slowly eroding your sanity.\n\nSkill check: You must roll 1d12 with a target of 9 to maintain your grasp on reality and decipher the lore.",
      "exits": {
        "Unravel the Ancient Lore": {
          "skill_check": {
            "dice_type": "1d12",
            "target": 9,
            "success": {
              "description": "Through sheer force of will and an iron constitution, you manage to decipher the ancient lore, uncovering the secrets to banishing the malevolent entity you've awakened. The knowledge you've gained comes at a terrible price, however, as the profane truths you've witnessed have left their mark upon your psyche, a lingering darkness that will forever haunt your dreams.\n\nBut you push past the creeping madness, focusing your mind on the task at hand. With a steady hand and a voice that belies your inner turmoil, you begin the ritual, chanting the eldritch incantations and tracing the arcane symbols in the air before you.\n\nThe chamber trembles as the evil entity realizes the threat you pose, its otherworldly howls echoing through the catacombs like the wails of a thousand tortured souls. But you press on, your will unbreakable, until finally, a blinding light engulfs the chamber, and a deafening silence falls.",
              "room": "ending_success"
            },
            "failure": {
              "description": "As you delve deeper into the disturbing lore and profane symbols, you can feel your grip on reality slipping away, the eldritch truths you're uncovering slowly eroding your sanity like acid eating away at your very being. Try as you might, the blasphemous knowledge proves too much for your mortal mind to comprehend, and you find yourself lost in a labyrinth of madness, your team's desperate cries fading into the background as you descend into the depths of insanity.\n\nWhen you finally emerge from the depths of your tormented psyche, you find yourself alone and disoriented, the catacombs now eerily silent. Your team is nowhere to be found, and the malevolent entity you sought to banish has vanished without a trace, leaving you to wonder if the horrors you witnessed were real or simply the product of a shattered mind.",
              "room": "ending_failure"
            }
          }
        }
      },
      "image": null
    },
    "artifact_ritual": {
      "description": "Realizing the risks of delving too deeply into the profane lore, you decide to take a more practical approach, harnessing the power of the ancient artifacts and relics you've uncovered in the hopes of channeling their energies into a ritual of your own design.\n\nAs you and your team begin to arrange the artifacts in intricate patterns, following the fleeting glimpses of arcane knowledge that flit through your mind like whispers on the wind, the air grows thick with a palpable energy, crackling and snapping like static electricity.\n\nSkill check: You must roll 1d10 with a target of 8 to properly channel the artifacts' power and perform the ritual.",
      "exits": {
        "Attempt the Ritual": {
          "skill_check": {
            "dice_type": "1d10",
            "target": 8,
            "success": {
              "description": "With sweat beading on your brow and your heart pounding in your chest, you begin the ritual, channeling the ancient energies of the artifacts into a focused stream of power. The chamber trembles as the malevolent entity senses the threat you pose, its otherworldly howls echoing through the catacombs like the wails of a thousand tortured souls.\n\nBut you press on, your team chanting in unison, the artifacts pulsing with an ever-increasing glow as the ritual reaches its climax. Suddenly, a blinding light engulfs the chamber, and a deafening silence falls, the weight of the ancient evil lifting from your shoulders like a oppressive veil being torn away.\n\nAs the light fades, you find yourself and your team standing unharmed, the artifacts scattered around you like discarded toys. The malevolent entity has been banished, its foul presence purged from the catacombs, but you can't help but feel a lingering sense of unease, as if some remnant of the evil you've faced still clings to the depths of your consciousness.",
              "room": "ending_success"
            },
            "failure": {
              "description": "As you and your team begin the ritual, channeling the ancient energies of the artifacts, something goes horribly wrong. The artifacts seem to rebel against your attempts to control their power, their energies lashing out in unpredictable and chaotic bursts that scatter your team and send you reeling.\n\nBefore you can regain your bearings, the malevolent entity senses your weakness and strikes, its otherworldly tendrils lashing out and ensnaring you and your team. As you struggle against the entity's grip, you can feel its malignant presence seeping into your mind, whispering profane truths and sowing the seeds of madness.\n\nIn a desperate attempt to escape, you lash out with the remnants of the ritual's power, but it's too little, too late. The entity's grip tightens, and you feel your consciousness slipping away, carried off into a realm of nightmares from which there is no escape.",
              "room": "ending_failure"
            }
          }
        }
      },
      "image": null
    },
    "escape_attempt": {
      "description": "Realizing the futility of attempting to banish the ancient evil you've awakened, you make the difficult decision to abandon your expedition and flee the catacombs while you still can. As you and your team turn to retrace your steps, the malevolent chanting grows louder and more insistent, as if the entity itself is taunting your retreat.\n\nSkill check: You must roll 1d8 with a target of 6 to navigate the treacherous tunnels and escape the catacombs.",
      "exits": {
        "Flee the Catacombs": {
          "skill_check": {
            "dice_type": "1d8",
            "target": 6,
            "success": {
              "description": "With your heart pounding in your chest and your every nerve on edge, you and your team navigate the crumbling tunnels with a renewed sense of urgency. The malevolent chanting seems to pursue you, echoing through the catacombs like the howls of a thousand damned souls, but you press on, driven by the instinct for survival.\n\nEventually, you see a glimmer of daylight ahead, and you emerge from the catacombs, gasping for breath and drenched in sweat. As you turn to look back at the hidden entrance, you can't help but feel a sense of relief mingled with disappointment. The secrets of the forgotten civilization will remain buried for now, but at least you've escaped with your lives and your sanity intact.\n\nYou vow to return one day, better prepared to face the dangers that lie beneath the sands, but for now, the weight of your narrow escape is a sobering reminder that some mysteries are better left undisturbed.",
              "room": "ending_escape"
            },
            "failure": {
              "description": "As you and your team flee through the crumbling tunnels, the malevolent chanting grows louder and more insistent, as if the entity itself is pursuing you, determined to claim you as its prey. You push on, driven by fear and desperation, but the tunnels seem to twist and turn in on themselves, disorienting you and your team.\n\nSuddenly, there's a rumble and a groan of shifting earth, and the tunnel ahead collapses, blocking your path and trapping you within the catacombs. As the dust settles, you realize with a sinking dread that you're hopelessly lost, the way out sealed and the malevolent entity closing in.\n\nIn a desperate bid for survival, you and your team press on, delving deeper into the catacombs in search of another exit, but the ancient evil seems to sense your every move, its chanting growing louder and more insistent with each step you take. The walls seem to press in around you, and the air grows thick and oppressive, making it difficult to breathe.\n\nEventually, exhausted and disoriented, you stumble into a vast chamber, its vaulted ceilings stretching impossibly high above. As you look around in bewilderment, you realize with a sinking sense of horror that you've come full circle, back to the very chamber where you first awakened the ancient evil.\n\nThe chanting reaches a crescendo, and you feel a malignant presence descend upon you, its tendrils of otherworldly energy ensnaring you and your team, dragging you inexorably towards the sarcophagus at the center of the chamber. As you struggle against its grip, you catch a glimpse of the twisted, inhuman face of the entity, its features a nightmarish amalgamation of bestial and eldritch traits.\n\nIn that moment, you understand the true depth of your folly, the price of delving too deeply into secrets best left undisturbed. As the entity's grip tightens around you, you feel your consciousness slipping away, carried off into a realm of eternal torment from which there is no escape.",
              "room": "ending_failure"
            }
          }
        }
      },
      "image": null
    },
    "ending_success": {
      "description": "You stand in the heart of the catacombs, surrounded by the scattered artifacts and the remnants of the ritual you've just performed. The air is still and silent, the malevolent chanting and otherworldly howls that had filled the chamber just moments ago now gone, banished along with the ancient evil you've faced.\n\nAs you take in your surroundings, you can't help but feel a sense of awe and disbelief at what you've accomplished. Against all odds, you and your team have delved into the depths of the forgotten civilization and confronted a malignant force that should have remained undisturbed, and you've emerged victorious.\n\nBut even as you bask in the glow of your triumph, a lingering sense of unease settles over you. You can't shake the feeling that some remnant of the evil you've faced still clings to the catacombs, a subtle taint that no ritual or banishment can fully purge.\n\nAs you gather your gear and prepare to make your way back to the surface, you can't help but feel a newfound appreciation for the fragility of the veil that separates the world of the living from the realms of the unknown. You've glimpsed into the abyss, and though you've emerged unscathed, you know that the experience has left an indelible mark upon your psyche, a reminder of the terrible price that comes with delving too deeply into the mysteries of the ancient world.",
      "exits": {},
      "image": null
    },
    "ending_failure": {
      "description": "You find yourself adrift in a realm of nightmares, a twisted landscape of impossible geometries and eldritch horrors that defy comprehension. The malevolent entity you sought to banish has claimed you as its prize, dragging you and your team into the depths of its unholy domain.\n\nAs you struggle to make sense of your surroundings, you catch glimpses of your team, their faces contorted in expressions of abject terror and madness. Some have succumbed to the entity's malignant influence, their minds shattered by the profane truths they've witnessed, while others cling desperately to the last vestiges of their sanity.\n\nYou try to call out to them, but your voice is swallowed by the oppressive silence that hangs over this nightmarish realm. The entity's presence is everywhere and nowhere, a pervasive force that seems to seep into your very being, whispering blasphemous secrets and sowing the seeds of madness.\n\nAs time loses all meaning, and the boundaries between reality and nightmare blur, you can feel your grip on sanity slipping away, the weight of the entity's malign influence slowly crushing your mind and soul. In your darkest moments, you wonder if this is to be your eternal fate, trapped forever in a realm of torment and madness, a punishment for daring to delve too deeply into secrets best left undisturbed.\n\nBut even as the last flickering embers of hope begin to fade, you cling to the memory of the world you've left behind, a reminder that no matter how deep the darkness, there is always a glimmer of light to guide you home. And so you fight on, your spirit unbroken, determined to one day find a way to escape this nightmare and return to the world of the living, no matter the cost.",
      "exits": {},
      "image": null
    },
    "ending_escape": {
      "description": "You stand at the edge of the desert, the scorching sun beating down upon you as you gaze back at the hidden entrance to the catacombs, now sealed and seemingly impregnable. The weight of your narrow escape hangs heavy upon you, a sobering reminder of the terrible price that comes with delving too deeply into the mysteries of the ancient world.\n\nAs you turn to make your way back to the safety of your expedition's base camp, you can't help but feel a sense of disappointment mingled with relief. The secrets of the forgotten civilization you sought to unravel will remain buried for now, their mysteries left unexplored and their knowledge untapped.\n\nBut you also know that you and your team have glimpsed into the abyss, and though you've emerged unscathed, the experience has left an indelible mark upon your psyche. You've witnessed horrors that defy comprehension, and you've faced a malevolent force that should have remained undisturbed, an ancient evil that has left a lingering taint upon your very soul.\n\nAs you make your way across the dunes, the weight of the catacombs' secrets seems to press down upon you with each step, a constant reminder of the fragile veil that separates the world of the living from the realms of the unknown. You vow to return one day, better prepared to face the dangers that lie beneath the sands, but for now, you're content to leave the forgotten civilization's mysteries undisturbed, a reminder that some secrets are better left buried.",
      "exits": {},
      "image": null
    },
    "end": {
      "description": "Your expedition into the forgotten catacombs has come to an abrupt and unexpected end, the secrets and mysteries they hold remaining frustratingly out of reach. While you may have failed to unravel the truth behind the lost civilization, you know that your thirst for knowledge and your determination to push the boundaries of human understanding will drive you to seek out new challenges and unexplored frontiers.\n\nThe life of an archaeologist is one of constant discovery and adventure, and though the road ahead may be fraught with peril, you are undeterred. For every mystery that remains unsolved, there are a thousand more waiting to be uncovered, their secrets beckoning to those brave enough to seek them out.\n\nAs you turn your back on the catacombs and set your sights on the horizon, you can't help but feel a sense of excitement and anticipation for the adventures that lie ahead. The world is a vast and wondrous place, filled with ancient civilizations and forgotten realms just waiting to be rediscovered. And you, with your insatiable curiosity and your unwavering determination, are the key to unlocking the secrets of the past and pushing the boundaries of human knowledge ever further.",
      "exits": {},
      "image": null
    }
  }
}
