{
    "name": "The Enchanted Treehouse",
    "button_color": "#8A9A5B",
    "start_room": "old_oak_tree",
    "rooms": {
      "old_oak_tree": {
        "description": "In the heart of a lush, green forest stood a majestic old oak tree. Its branches reached high into the sky, and its trunk was so wide that it would take at least four children to wrap their arms around it. One sunny afternoon, a curious young girl named Lily discovered a small, hidden door at the base of the tree.",
        "exits": {
          "open_the_door": "magical_staircase",
          "ignore_the_door": "forest_path"
        }
      },
      "magical_staircase": {
        "description": "Lily cautiously opened the door and peeked inside. To her amazement, she found a winding, magical staircase that seemed to glow with a soft, inviting light. The staircase spiraled upwards, disappearing into the upper branches of the oak tree. Lily's heart raced with excitement as she stepped onto the first stair.",
        "exits": {
          "climb_the_stairs": "treehouse_entrance"
        }
      },
      "treehouse_entrance": {
        "description": "At the top of the staircase, Lily found herself standing in front of a magnificent treehouse. Its walls were made of shimmering, golden wood, and its windows sparkled like diamonds in the sunlight. A sign above the entrance read: 'Welcome to the Enchanted Treehouse, where dreams come true.'",
        "exits": {
          "enter_the_treehouse": "treehouse_living_room",
          "ring_the_bell": "meet_the_fairy"
        }
      },
      "treehouse_living_room": {
        "description": "Inside the treehouse, Lily found herself in a cozy living room filled with soft, fluffy couches and colorful pillows. A warm fireplace crackled in the corner, and the walls were lined with bookshelves that reached all the way up to the ceiling. Lily couldn't wait to explore every nook and cranny of this magical place.",
        "exits": {
          "choose_a_book": "enchanted_book",
          "open_the_toy_chest": "magical_toy"
        }
      },
      "meet_the_fairy": {
        "description": "As Lily reached out to ring the bell, a shimmering fairy appeared before her. The fairy had delicate, iridescent wings and a warm, friendly smile. 'Hello, Lily,' the fairy said, 'I'm so glad you found your way to the Enchanted Treehouse. This is a special place where children's dreams can come true.'",
        "exits": {
          "ask_about_dreams": "fairy_dream",
          "ask_about_treehouse": "treehouse_living_room"  
        }
      },
      "enchanted_book": {
        "description": "Lily scanned the bookshelves and selected a beautiful, leather-bound book with gold trim. As she opened the cover, the pages began to glow, and Lily found herself magically transported into the world of the story. She embarked on a thrilling adventure, meeting fascinating characters and overcoming exciting challenges.",
        "exits": {
          "finish_the_book": "dream_adventure_ending"
        }  
      },
      "magical_toy": {
        "description": "Inside the toy chest, Lily discovered a shimmering, golden ball. As she picked it up, the ball began to glow and float in the air. Suddenly, the treehouse around her transformed into a magical playground filled with enchanted toys that came to life. Lily spent hours playing and laughing with her new friends.",
        "exits": {
          "continue_playing": "dream_playtime_ending"
        }
      },
      "fairy_dream": {
        "description": "The fairy smiled and asked, 'What is your biggest dream, Lily?' Lily thought for a moment and replied, 'I've always wanted to fly.' With a wave of her wand, the fairy granted Lily's wish. Lily felt herself lifting off the ground, her body as light as a feather. She soared through the clouds, marveling at the world below.",
        "exits": {
          "fly_away": "dream_flight_ending"
        }
      },
      "forest_path": {
        "description": "Lily hesitated, wondering if she should explore the mysterious door. But the sun was beginning to set, and she knew it was time to head home for dinner. She gave the old oak tree a gentle pat and promised to return another day. As she walked back through the forest, Lily couldn't stop thinking about the magical secrets that might be waiting for her.",
        "exits": {}
      },
      "dream_adventure_ending": {
        "description": "As Lily turned the final page of the enchanted book, she found herself back in the treehouse living room, the magical adventure still fresh in her mind. She knew that she would always cherish the incredible journey she had experienced and the life-changing lessons she had learned. With a grateful heart, Lily placed the book back on the shelf and bid farewell to the Enchanted Treehouse, knowing that she could return whenever she needed to dream again.",
        "exits": {}
      },
      "dream_playtime_ending": {
        "description": "After hours of joyful playtime with the enchanted toys, Lily realized it was time to go home. She hugged each of her new friends goodbye, promising to visit them again soon. As she stepped out of the treehouse, the magical playground faded back into the cozy living room. Lily left the treehouse with a heart full of happiness, knowing that she had found a special place where her imagination could run wild.",
        "exits": {}
      },
      "dream_flight_ending": {
        "description": "Lily soared through the sky, feeling the wind rushing through her hair and the sun warming her face. She waved to the birds and the clouds, marveling at the incredible beauty of the world below. When it was time to return to the treehouse, Lily landed gently on the balcony, her heart filled with gratitude for the fairy's magical gift. She knew that whenever she closed her eyes, she could relive the exhilarating feeling of flying.",
        "exits": {}
      }
    }
  }