{
  "name": "The Cosmic Paradox",
  "button_color": "#0047ab",
  "start_room": "prologue",
  "rooms": {
    "prologue": {
      "description": "You wake up in a dimly lit room, disoriented and unsure of where you are. The air is thick with the scent of ozone, and a faint hum seems to permeate the very walls around you. As your eyes adjust to the darkness, you notice a strange device on the table in front of you, its surface etched with intricate glyphs and pulsating with an otherworldly glow. A deep, resonant voice echoes in your mind, 'The fate of the universe rests in your hands. Choose wisely, for the consequences of your actions will ripple across the fabric of existence itself. The delicate balance of the cosmos hangs by a thread, and your decisions will determine whether it unravels or remains intact.'\n\nYou feel a sense of urgency and responsibility weighing heavily on your shoulders. The room seems to be filled with an energy that is both exhilarating and terrifying, as if the very essence of the universe is concentrated within these walls.",
      "exits": {
        "examine": "examine_device",
        "ignore": "ignore_device"
      },
      "revisit_count": 2,
      "revisit_content": "The voice echoes once more, its tone laced with a sense of urgency. 'Tread carefully, for the consequences of your actions will ripple across the multiverse in ways you cannot fathom. The delicate balance of existence hangs by a thread, and your choices will determine whether it unravels or remains intact.'"
    },
    "examine_device": {
      "description": "You examine the device closely, its surface seeming to shift and undulate beneath your gaze. It appears to be a quantum entanglement manipulator, capable of altering the very fabric of reality itself. A panel on the device displays two options: 'Preserve Timeline' and 'Alter Timeline'. As you study the device, you can't shake the sense that you are holding the fate of the cosmos in your hands, a power both exhilarating and terrifying.\n\nThe glyphs on the device seem to pulse with an energy that defies the laws of physics, as if they are alive with the secrets of the universe. You feel a strange connection to the device, as if it is calling out to you, urging you to make a choice that will shape the destiny of all existence.",
      "exits": {
        "preserve": "preserve_timeline",
        "alter": "alter_timeline"
      },
      "revisit_count": 1,
      "revisit_content": "As you examine the device again, you notice strange glyphs etched onto its surface, pulsating with an energy that seems to defy the laws of physics. The glyphs seem to shift and rearrange themselves, as if trying to convey a message lost to the ages – a cosmic warning about the power you now wield."
    },
    "preserve_timeline": {
      "description": "You choose to preserve the current timeline, believing that altering reality could have disastrous consequences that even your wildest imagination cannot fathom. The device powers down, and you find yourself transported back to your normal life, the familiar sights and sounds a welcome respite from the cosmic madness you've just encountered. However, as the days pass, strange occurrences begin to unfold around you, casting doubt on the notion that you truly preserved the timeline.\n\nReality seems to warp and distort, as if the delicate fabric of existence is fraying at the seams, and you can't shake the feeling that something isn't quite right – a cosmic omen that your actions have set in motion a chain of events too vast and incomprehensible to foresee. The world around you begins to feel like a fragile illusion, ready to shatter at any moment.",
      "exits": {
        "continue": "anomaly_detected"
      },
      "revisit_count": 1
    },
    "anomaly_detected": {
      "description": "Strange occurrences continue to plague your life, and you begin to realize that the timeline has been altered in ways you cannot comprehend. Reality seems to warp and distort around you, with objects and people shifting in and out of existence, as if the very fabric of the universe is unraveling at the seams. In the midst of this cosmic chaos, a mysterious figure approaches you, their form shifting and undulating like a mirage in the desert heat.\n\nThey offer you a chance to undo the changes and restore the original timeline, their voice echoing across the dimensions, 'The balance of existence hangs by a thread, and only you can restore the natural order. But beware, for the path ahead is fraught with peril, and the consequences of your actions may be more far-reaching than you can possibly imagine. The fate of the multiverse rests in your hands, and your decisions will determine whether it unravels or remains intact.'",
      "exits": {
        "accept": "restore_timeline",
        "refuse": "embrace_anomaly"
      },
      "revisit_count": 2,
      "revisit_content": "The anomalies intensify, with reality itself seeming to warp and distort around you in ways that defy comprehension. Time seems to flow in multiple directions simultaneously, and the laws of physics have been shattered, replaced by a cosmic chaos that threatens to consume all existence. You realize that you are teetering on the brink of a cosmic precipice, and the choices you make here will determine the fate of the multiverse itself."
    },
    "alter_timeline": {
      "description": "Driven by an insatiable curiosity and a thirst for knowledge that borders on hubris, you decide to alter the timeline, consequences be damned. The device hums to life, its energy pulsating through your very being as reality begins to shift and distort around you. In a cosmic blink of an eye, you find yourself in a parallel universe where the laws of physics have been rewritten, and strange beings roam the cosmos – entities whose very existence seems to defy the natural order of things.\n\nAs you gaze upon this alien landscape, you can't help but wonder if you've made a grave mistake, or if this is merely the first step on a journey that will unravel the secrets of the multiverse itself. The air is filled with an otherworldly energy, and the very fabric of reality seems to bend and twist around you, as if you are standing on the precipice of a cosmic revelation.",
      "exits": {
        "explore": "parallel_universe"
      },
      "revisit_count": 1
    },
    "restore_timeline": {
      "description": "You accept the offer to restore the original timeline, hoping to undo the unforeseen consequences of your actions and restore the natural order of existence. The mysterious figure hands you a device capable of reversing the quantum entanglement manipulation, its surface pulsating with an energy that seems to defy the laws of physics. As you hold the device in your hands, you can't help but feel a sense of cosmic trepidation, for you realize that the process of restoring the timeline is not without risk.\n\nThe figure's words echo in your mind, 'Tread carefully, for the path ahead is fraught with peril, and the consequences of your actions may inadvertently create an even more chaotic timeline, one where the very fabric of existence hangs by the slenderest of threads. The fate of the multiverse rests in your hands, and your decisions will determine whether it unravels or remains intact.'",
      "exits": {
        "proceed": "restore_attempt",
        "abort": "embrace_anomaly"
      },
      "revisit_count": 1
    },
    "embrace_anomaly": {
      "description": "You decide to embrace the anomalies that have been unfolding around you, casting aside the notion of restoring the original timeline. In your heart, you know that the path you have chosen is one of cosmic uncertainty, but you cannot deny the allure of unraveling the mysteries of this altered reality. The world around you continues to shift and change, leading you down a path of uncertainty and adventure that will test the very limits of your sanity.\n\nAs you forge ahead, you can't shake the sense that you are a mere speck in a vast, incomprehensible cosmos, and that the choices you make here will ripple across the fabric of existence itself. The air is thick with the scent of ozone, and a faint hum seems to permeate the very walls around you, as if the very essence of the universe is concentrated within these walls.",
      "exits": {
        "continue": "anomaly_journey"
      }
    },
    "restore_attempt": {
      "description": "You activate the device, hoping to reverse the quantum entanglement manipulation and restore the original timeline. As the device hums to life, you feel a cosmic shudder ripple through the fabric of existence, as if the very universe itself is protesting the distortion of its natural order. Reality begins to warp and distort around you, with objects and beings shifting in and out of existence like phantoms in a cosmic maelstrom.\n\nJust when you think the process is about to succeed, something goes horribly wrong. The device overloads, unleashing a torrent of quantum energy that tears the fabric of reality asunder. In a blink of an eye, you find yourself trapped in a nightmarish reality where time and space have been twisted beyond recognition, a realm of cosmic horror where the laws of physics have been shattered and replaced by a chaotic maelstrom of pure entropy.",
      "exits": {
        "continue": "nightmarish_reality"
      },
      "revisit_count": 2,
      "revisit_content": "As you find yourself once again trapped in this nightmarish reality, you can't help but feel a sense of cosmic dread creeping up your spine. The fabric of existence seems to be unraveling around you, with time and space folding in on themselves in ways that defy comprehension. You begin to question the nature of your own existence, and whether this hellish realm is a mere projection of a higher dimensional reality beyond your comprehension."
    },
    "nightmarish_reality": {
      "description": "Trapped in a reality where time and space have been twisted beyond recognition, you struggle to maintain your sanity amidst the cosmic horror that surrounds you. Grotesque creatures roam the distorted landscapes, their forms shifting and undulating in ways that defy description, as if they are mere projections of a higher dimensional existence. The laws of physics have been shattered, replaced by a chaotic maelstrom of pure entropy where the very fabric of reality seems to be unraveling at the seams.\n\nAs you navigate this hellish realm, you can't shake the sense that you are a mere speck in a vast, incomprehensible cosmos, and that your only hope of escape lies in unraveling the mysteries that lurk within the depths of this nightmarish existence. The air is thick with the scent of ozone, and a faint hum seems to permeate the very walls around you, as if the very essence of the universe is concentrated within these walls.",
      "exits": {
        "seek_escape": "dimensional_rift"
      },
      "revisit_count": 3,
      "revisit_content": "In the depths of the nightmarish reality, you discover an ancient artifact that seems to pulsate with an otherworldly energy, as if it is a remnant of a higher dimensional existence. As you study the artifact, you begin to unravel the secrets it holds, and realize that it may hold the key to your escape from this hellish realm. However, you can't shake the sense that there are cosmic forces at play here, forces that may be beyond even your comprehension."
    },
    "dimensional_rift": {
      "description": "You discover a tear in the fabric of reality, a dimensional rift that seems to lead to another plane of existence. The rift pulsates with cosmic energy, and as you gaze into its depths, you catch glimpses of strange landscapes and alien beings, as if it is a window into a higher dimensional reality. You realize that this rift may be your only hope of escaping the nightmarish realm you find yourself trapped in, but you can't shake the sense that stepping through it could unleash cosmic forces beyond your comprehension.\n\nThe air is thick with the scent of ozone, and a faint hum seems to permeate the very walls around you, as if the very essence of the universe is concentrated within these walls.",
      "exits": {
        "enter": "higher_dimension"
      }
    },
    "higher_dimension": {
      "description": "You step through the dimensional rift, and find yourself transported to a higher plane of existence, a realm where the very laws of physics are but a mere suggestion. The landscape around you shifts and undulates, with colors and shapes that defy description, as if reality itself is a fluid, ever-changing canvas. Strange beings, their forms mere projections of a higher dimensional existence, move through this realm with a grace and understanding that you can scarcely comprehend.\n\nAs you gaze upon this alien world, a sense of cosmic wonder and dread washes over you, for you realize that you have breached the boundaries of your own reality, and now find yourself a mere visitor in a realm where the rules that govern existence itself are but a distant memory. The air is thick with the scent of ozone, and a faint hum seems to permeate the very walls around you, as if the very essence of the universe is concentrated within these walls.",
      "exits": {
        "explore": "explore_higher_dimension",
        "return": "dimensional_rift"
      }
    },
    "explore_higher_dimension": {
      "description": "You decide to explore this higher dimensional realm, driven by an insatiable curiosity and a thirst for knowledge that borders on cosmic hubris. As you navigate this alien landscape, you encounter wonders and horrors that defy comprehension, as the very fabric of reality shifts and distorts around you. You bear witness to beings capable of manipulating the quantum realms with a mere thought, their mastery over the fundamental forces of the universe so complete that they can reshape existence itself to their whim.\n\nHowever, you also encounter cosmic entities of unfathomable power, beings whose very existence seems to warp and distort the fabric of space-time, leaving twisted pockets of reality in their wake – cosmic scars that serve as a warning of the dangers that lurk within this higher dimensional realm. The air is thick with the scent of ozone, and a faint hum seems to permeate the very walls around you, as if the very essence of the universe is concentrated within these walls.",
      "exits": {
        "seek_knowledge": "cosmic_library",
        "confront_entity": "cosmic_entity"
      },
      "revisit_count": 1,
      "revisit_content": "As you continue to explore this higher dimensional realm, you begin to unravel the secrets of quantum manipulation and the role it plays in shaping the very fabric of existence itself. You learn that the delicate balance of the multiverse hangs by the slenderest of threads, and that the choices you make here could have profound consequences that ripple across the cosmic tapestry of reality."
    },
    "cosmic_library": {
      "description": "You seek out a cosmic library, hoping to unravel the mysteries of this higher dimensional realm and the secrets of quantum manipulation that it holds. As you enter the vast repository of knowledge, you are greeted by an otherworldly entity, its form shifting and undulating like a mirage in the desert heat. It offers to share the infinite wisdom contained within these halls, but warns that the pursuit of such knowledge comes at a price.\n\n'The secrets you seek are not for the faint of heart,' it echoes across the dimensions, 'for they hold the power to reshape the very fabric of existence itself. Tread carefully, for the path ahead is fraught with cosmic peril, and the consequences of your actions may ripple across the multiverse in ways you cannot fathom.' The air is thick with the scent of ozone, and a faint hum seems to permeate the very walls around you, as if the very essence of the universe is concentrated within these walls.",
      "exits": {
        "accept": "quantum_wisdom",
        "refuse": "explore_higher_dimension"
      }
    },
    "cosmic_entity": {
      "description": "You confront the cosmic entity, determined to unravel the mysteries of its existence and the role it plays in shaping the higher dimensional realm. As you approach the being, the very fabric of reality seems to warp and distort around it, as if its mere presence is a cosmic anomaly that defies the laws of physics. The entity regards you with a gaze that transcends the boundaries of space and time, its voice echoing across the dimensions like the reverberations of a celestial choir.\n\n'Mortal, you tread upon grounds that even the most enlightened beings dare not venture, for I am a cosmic force beyond your comprehension. Heed my warning and turn back, lest you unleash forces that will unravel the very fabric of existence itself.' The air is thick with the scent of ozone, and a faint hum seems to permeate the very walls around you, as if the very essence of the universe is concentrated within these walls.",
      "exits": {
        "heed_warning": "explore_higher_dimension",
        "defy_entity": "cosmic_confrontation"
      }
    },
    "quantum_wisdom": {
      "description": "You accept the offer to delve into the cosmic library's vast repository of quantum wisdom, driven by an insatiable thirst for knowledge that borders on cosmic hubris. As you pore over the ancient tomes and scrolls, their contents pulsating with an otherworldly energy, you begin to unravel the secrets of quantum manipulation and the role it plays in shaping the very fabric of existence itself. You learn that reality is but a delicate tapestry, woven from the threads of quantum entanglement, and that those who wield the power of quantum manipulation have the ability to reshape the cosmic tapestry to their will.\n\nThe air is thick with the scent of ozone, and a faint hum seems to permeate the very walls around you, as if the very essence of the universe is concentrated within these walls.",
      "exits": {
        "continue": "quantum_mastery"
      }
    },
    "cosmic_confrontation": {
      "description": "In a moment of cosmic hubris, you defy the warning of the cosmic entity, determined to unravel the mysteries of its existence and the role it plays in shaping the higher dimensional realm. As you challenge the being, the very fabric of reality begins to unravel around you, with space and time folding in on themselves in ways that defy comprehension. The entity regards you with a gaze that transcends the boundaries of existence itself, its voice echoing across the dimensions like the reverberations of a cosmic singularity.\n\n'Foolish mortal, you have unleashed forces beyond your comprehension, forces that will unravel the very tapestry of existence itself. Behold, as the cosmic maelstrom you have unleashed consumes all reality, leaving naught but shattered fragments of existence in its wake.' The air is thick with the scent of ozone, and a faint hum seems to permeate the very walls around you, as if the very essence of the universe is concentrated within these walls.",
      "exits": {
        "continue": "cosmic_maelstrom"
      }
    },
    "quantum_mastery": {
      "description": "As you delve deeper into the cosmic library's repository of quantum wisdom, you begin to unravel the secrets of quantum mastery, the ability to manipulate the very fabric of reality itself. You learn that the multiverse is but a tapestry of quantum entanglement, and that those who wield the power of quantum manipulation have the ability to reshape the cosmic tapestry to their will. With each new revelation, you feel a sense of cosmic power coursing through your very being, as if the fundamental forces of the universe are bending to your command.\n\nThe air is thick with the scent of ozone, and a faint hum seems to permeate the very walls around you, as if the very essence of the universe is concentrated within these walls.",
      "exits": {
        "reshape_reality": "reality_reshaping",
        "preserve_balance": "cosmic_council"
      },
      "revisit_count": 1,
      "revisit_content": "As you continue to explore the depths of quantum mastery, you begin to realize the true extent of the power you now wield. You have the ability to reshape the very fabric of existence itself, to rewrite the cosmic tapestry of reality according to your whims. However, with this power comes a grave responsibility, for the choices you make here will ripple across the multiverse in ways you cannot fathom."
    },
    "cosmic_maelstrom": {
      "description": "Your defiance of the cosmic entity has unleashed a cosmic maelstrom, a vortex of pure entropy that threatens to consume all reality. As the fabric of existence begins to unravel around you, space and time fold in on themselves, creating twisted pockets of reality that defy comprehension. Cosmic horrors, born from the shattered fragments of existence itself, roam the maelstrom, their mere presence a blasphemy against the natural order of the multiverse.\n\nAs you gaze upon the cosmic chaos you have unleashed, you can't help but feel a sense of cosmic dread creeping up your spine, for you realize that the choices you have made here may have doomed all of existence to a fate worse than oblivion. The air is thick with the scent of ozone, and a faint hum seems to permeate the very walls around you, as if the very essence of the universe is concentrated within these walls.",
      "exits": {
        "seek_redemption": "cosmic_council"
      }
    },
    "reality_reshaping": {
      "description": "Emboldened by the knowledge of quantum mastery, you decide to reshape the very fabric of reality itself, wielding the power of quantum manipulation like a cosmic sculptor. As you begin to manipulate the quantum realms, you feel the fundamental forces of the universe bending to your will, as if reality itself is but a malleable canvas awaiting your touch. Entire universes are born and destroyed with a mere thought, as you reshape the cosmic tapestry according to your whims.\n\nThe air is thick with the scent of ozone, and a faint hum seems to permeate the very walls around you, as if the very essence of the universe is concentrated within these walls.",
      "exits": {
        "continue": "cosmic_council"
      }
    },
    "cosmic_council": {
      "description": "You seek out the cosmic council, a gathering of the most enlightened beings from across the multiverse, in the hopes of preserving the delicate balance of existence. As you enter the council chambers, you are greeted by a multitude of entities, their forms shifting and undulating like cosmic mirages, each one a living embodiment of a higher dimensional reality. They regard you with a sense of cosmic trepidation, for they know the power you now wield, and the grave responsibility that comes with it.\n\nThe air is thick with the scent of ozone, and a faint hum seems to permeate the very walls around you, as if the very essence of the universe is concentrated within these walls.",
      "exits": {
        "accept_responsibility": "cosmic_stewardship",
        "reject_responsibility": "cosmic_war"
      }
    },
    "reality_reshaped": {
      "description": "You have reshaped the very fabric of reality itself, wielding the power of quantum mastery like a cosmic sculptor. The multiverse has been rewritten according to your whims, with entire universes born and destroyed with a mere thought. As you gaze upon the cosmic tapestry you have woven, you can't help but feel a sense of cosmic awe and trepidation, for the choices you have made here will ripple across the multiverse in ways you cannot fathom.\n\nThe air is thick with the scent of ozone, and a faint hum seems to permeate the very walls around you, as if the very essence of the universe is concentrated within these walls.",
      "exits": {
        "continue": "cosmic_council"
      }
    },
    "cosmic_stewardship": {
      "description": "You accept the responsibility of cosmic stewardship, vowing to preserve the delicate balance of existence and to wield the power of quantum mastery with wisdom and restraint. The cosmic council bestows upon you the mantle of a higher dimensional being, entrusting you with the sacred duty of safeguarding the fabric of reality from those who would seek to unravel it. As you take your place among the council, you can't help but feel a sense of cosmic humility, for you realize that the choices you make here will shape the destiny of the multiverse itself.\n\nThe air is thick with the scent of ozone, and a faint hum seems to permeate the very walls around you, as if the very essence of the universe is concentrated within these walls.",
      "exits": {
        "continue": "cosmic_guardian"
      }
    },
    "cosmic_battleground": {
      "description": "You find yourself thrust into a cosmic battleground, where interdimensional armies clash in a war for the fate of existence itself. Quantum singularities and entropic vortices tear through the fabric of reality, distorting the very laws of physics. Beings of immense power wield quantum manipulation technology like cosmic weaponry, bending the fabric of existence to their will. The stakes have never been higher, as the outcome of this battle will determine the fate of the entire multiverse.\n\nThe air is thick with the scent of ozone, and a faint hum seems to permeate the very walls around you, as if the very essence of the universe is concentrated within these walls.",
      "exits": {
        "fight": "cosmic_battle",
        "retreat": "cosmic_war"
      }
    },
    "cosmic_battle": {
      "description": "You join the cosmic battle, wielding the power of quantum manipulation like a cosmic weapon. As you hurl quantum singularities and entropic vortices at your foes, you bear witness to the very fabric of reality unraveling before your eyes. Entire universes are born and destroyed in the blink of an eye, as the fundamental forces of existence are bent to the will of those who wield the power of quantum mastery. The battle rages across multiple realities, with cosmic armies clashing in a clash of unfathomable power, each side determined to reshape the multiverse according to their whims.\n\nThe air is thick with the scent of ozone, and a faint hum seems to permeate the very walls around you, as if the very essence of the universe is concentrated within these walls.",
      "exits": {
        "continue": "cosmic_battleground"
      }
    },
    "cosmic_war": {
      "description": "You reject the responsibility of cosmic stewardship, driven by a thirst for power and a desire to reshape the multiverse according to your whims. The cosmic council regards you with a sense of cosmic dread, for they know the true extent of the power you now wield, and the grave consequences that could befall existence itself. As you turn your back on the council, you can't help but feel a sense of cosmic exhilaration, for you have embarked on a path that will reshape the very fabric of reality itself.\n\nThe air is thick with the scent of ozone, and a faint hum seems to permeate the very walls around you, as if the very essence of the universe is concentrated within these walls.",
      "exits": {
        "continue": "cosmic_battleground"
      }
    },
    "cosmic_guardian": {
      "description": "As a cosmic guardian, you stand watch over the fabric of reality, preserving the delicate balance of existence and safeguarding the multiverse from those who would seek to unravel it. From your vantage point among the higher dimensional realms, you bear witness to the ebb and flow of reality itself, the cosmic tapestry of existence ever-shifting and ever-changing. You wield the power of quantum mastery with wisdom and restraint, using it to mend the frayed edges of the cosmos and to maintain the natural order of things.\n\nThe air is thick with the scent of ozone, and a faint hum seems to permeate the very walls around you, as if the very essence of the universe is concentrated within these walls.",
      "exits": {
        "continue": "cosmic_stewardship"
      }
    },
    "interdimensional_sanctuary": {
      "description": "You seek refuge in an interdimensional sanctuary, a realm of peace and tranquility that exists outside the boundaries of reality itself. As you enter the sanctuary, you are greeted by beings of immense wisdom and enlightenment, their forms shifting and undulating like cosmic mirages. They offer you sanctuary from the cosmic chaos that threatens to unravel the fabric of existence, a chance to find solace and respite from the cosmic madness that has consumed your reality.\n\nThe air is thick with the scent of ozone, and a faint hum seems to permeate the very walls around you, as if the very essence of the universe is concentrated within these walls.",
      "exits": {
        "accept_sanctuary": "tranquil_realm",
        "reject_sanctuary": "anomaly_journey"
      }
    },
    "tranquil_realm": {
      "description": "You accept the offer of sanctuary, finding solace in the tranquil realm that exists beyond the boundaries of reality itself. As you bask in the cosmic serenity of this realm, you can't help but feel a sense of cosmic peace washing over you, as if the weight of the multiverse has been lifted from your shoulders. You are free to explore the wonders of this realm, to unravel the mysteries of existence without the burden of cosmic responsibility weighing you down.\n\nThe air is thick with the scent of ozone, and a faint hum seems to permeate the very walls around you, as if the very essence of the universe is concentrated within these walls.",
      "exits": {
        "explore_tranquility": "tranquil_exploration"
      }
    },
    "tranquil_exploration": {
      "description": "You explore the tranquil realm, marveling at the cosmic serenity that permeates every aspect of this existence. You encounter beings of immense wisdom and enlightenment, their forms shifting and undulating like cosmic mirages, as they impart upon you the secrets of the multiverse. You learn of the delicate balance that exists between the fundamental forces of existence, and of the grave consequences that could befall reality itself if that balance is disturbed.\n\nThe air is thick with the scent of ozone, and a faint hum seems to permeate the very walls around you, as if the very essence of the universe is concentrated within these walls.",
      "exits": {
        "continue": "tranquil_realm"
      }
    },
    "quantum_alliance": {
      "description": "You ally yourself with an advanced civilization that has mastered the art of quantum manipulation, hoping to unravel the cosmic secrets they hold. As you delve deeper into their society, you bear witness to technological marvels beyond your wildest imagination, as they harness the power of the quantum realms to bend the very fabric of reality to their will. Their cities seem to defy the laws of physics, with structures that shift and undulate like cosmic mirages, as they tap into the fundamental forces of existence itself.\n\nThe air is thick with the scent of ozone, and a faint hum seems to permeate the very walls around you, as if the very essence of the universe is concentrated within these walls.",
      "exits": {
        "learn_secrets": "quantum_secrets",
        "betray_alliance": "quantum_betrayal"
      }
    },
    "quantum_secrets": {
      "description": "The advanced civilization shares with you the secrets of quantum manipulation, revealing the cosmic knowledge they have accumulated over eons of exploration and study. You learn of the delicate balance that exists between the quantum realms and the fabric of reality itself, and of the grave consequences that could befall the multiverse if that balance is disturbed. As you delve deeper into these secrets, you can't help but feel a sense of cosmic power coursing through your very being, as if the fundamental forces of existence are bending to your will.\n\nThe air is thick with the scent of ozone, and a faint hum seems to permeate the very walls around you, as if the very essence of the universe is concentrated within these walls.",
      "exits": {
        "continue": "quantum_mastery"
      }
    },
    "quantum_betrayal": {
      "description": "In a moment of cosmic hubris, you betray the advanced civilization, determined to wield the power of quantum manipulation for your own selfish desires. As you turn against your former allies, the very fabric of reality begins to unravel around you, with space and time folding in on themselves in ways that defy comprehension. The advanced civilization regards you with a sense of cosmic dread, for they know the true extent of the power you now wield, and the grave consequences that could befall existence itself.\n\nThe air is thick with the scent of ozone, and a faint hum seems to permeate the very walls around you, as if the very essence of the universe is concentrated within these walls.",
      "exits": {
        "continue": "quantum_battleground"
      }
    },
    "quantum_battleground": {
      "description": "You find yourself thrust into a quantum battleground, where the advanced civilization you once allied with now stands against you, determined to stop you from unleashing the full extent of your cosmic power. Quantum singularities and entropic vortices tear through the fabric of reality, distorting the very laws of physics. Beings of immense power wield quantum manipulation technology like cosmic weaponry, bending the fabric of existence to their will. The stakes have never been higher, as the outcome of this battle will determine the fate of the entire multiverse.\n\nThe air is thick with the scent of ozone, and a faint hum seems to permeate the very walls around you, as if the very essence of the universe is concentrated within these walls.",
      "exits": {
        "fight": "cosmic_battle",
        "retreat": "cosmic_war"
      }
    }
  }
}
