{
    "name": "Gadzooks!",
    "button_color": "#7101AD",
    "start_room": "bedroom",
    "rooms": {
      "bedroom": {
        "description": "TEST FILE \n\n I woke up with a start, my heart pounding in my chest. \"Gadzooks!\" I exclaimed, looking around my bedroom in wide-eyed wonder. The sunlight streaming through the window seemed brighter than usual, and the chirping of the birds outside was positively orchestral. I stretched my arms above my head, marveling at the simple joy of waking up to a new day.",
        "exits": {
          "go_to_kitchen": "kitchen",
          "look_out_window": "surprise_visitor"
        }
      },
      "kitchen": {
        "description": "TEST FILE \n\n I walked into the kitchen, ready to make my usual cup of coffee. But as I opened the cupboard, I let out a gasp. \"Gadzooks!\" There, nestled among the mugs, was a shiny new espresso machine. I couldn't believe my eyes. I must have forgotten that I ordered it online last week. I eagerly set about making my first latte, giddy with excitement over this unexpected addition to my morning routine.",
        "exits": {
          "walk_to_living_room": "living_room",
          "check_mail": "mysterious_letter"
        }
      },
      "surprise_visitor": {
        "description": "TEST FILE \n\n As I gazed out the window, I spotted a familiar figure walking up the path to my house. \"Gadzooks!\" I cried out in delight. It was my childhood best friend, whom I hadn't seen in years. They must have decided to surprise me with a visit. I raced downstairs, throwing open the door and enveloping them in a huge hug. We spent the morning catching up over coffee, laughing and reminiscing about old times.",
        "exits": {
          "invite_them_in": "trip_down_memory_lane",
          "suggest_a_walk": "unexpected_adventure" 
        }
      },
      "living_room": {
        "exits": {
          "ponder_secret_admirer": "romantic_revelation",
          "turn_on_tv": "breaking_news"
        }
      },
      "mysterious_letter": {
        "description": "I stepped outside to check the mail, expecting the usual bills and junk mail. But as I opened the mailbox, I let out a yelp. \"Gadzooks!\" There, among the envelopes, was a mysterious package with no return address. I tore it open, my hands shaking with anticipation. Inside was a cryptic note and a strange, ancient-looking key. The note read: \"The key to your destiny lies within.\" I felt a shiver run down my spine, wondering what adventure awaited me.",
        "exits": {
          "investigate_the_key": "hidden_room",
          "ignore_the_package": "living_room"
        }
      },
      "trip_down_memory_lane": {
        "description": "As my friend and I sat down to catch up, they pulled out an old photo album. \"Gadzooks!\" I gasped, flipping through the pages. It was filled with pictures of us from our childhood, memories I had long forgotten. We spent hours poring over the photos, laughing at our awkward teenage fashion choices and marveling at how much we had grown. I felt a warmth spreading through my chest, grateful for this unexpected trip down memory lane.",
        "exits": {
          "suggest_a_walk": "unexpected_adventure",
          "plan_a_reunion": "chance_encounter"
        }
      },
      "unexpected_adventure": {
        "description": "My friend and I decided to go for a walk, eager to explore the neighborhood. But as we turned a corner, we stumbled upon a hidden trail we had never noticed before. \"Gadzooks!\" I exclaimed, my eyes widening with curiosity. We ventured down the trail, marveling at the lush greenery and the sound of a babbling brook. We emerged into a stunning, secluded glade, feeling as though we had stumbled into a fairy tale.",
        "exits": {
          "have_a_picnic": "serene_moment",
          "follow_the_brook": "hidden_waterfall"
        }
      },
      "romantic_revelation": {
        "description": "I couldn't stop thinking about the note from my secret admirer. Who could it be? I wracked my brain, trying to think of anyone who had shown interest in me recently. Suddenly, it hit me. \"Gadzooks!\" It was my coworker, who had always gone out of their way to make me smile. I felt a flutter in my stomach, realizing that I had feelings for them too. I resolved to confront them about the note, my heart racing with anticipation.",
        "exits": {
          "confess_your_feelings": "love_story_beginning",
          "keep_it_to_yourself": "missed_connection"
        }
      },  
      "breaking_news": {
        "description": "I turned on the TV, ready to relax with some mindless entertainment. But as the news anchor appeared on the screen, I bolted upright. \"Gadzooks!\" They were reporting on a breaking story about a local hero who had saved a family from a burning building. As the camera zoomed in on the hero's face, I realized with a shock that it was none other than my mild-mannered neighbor. I felt a swell of pride and admiration, seeing them in a whole new light.",
        "exits": {
          "call_your_neighbor": "unexpected_friendship",
          "ponder_heroism": "new_perspective"
        }
      },
      "hidden_room": {
        "description": "I couldn't resist the allure of the mysterious key. I searched my house top to bottom, looking for anything it might unlock. Just as I was about to give up, I noticed a small, almost imperceptible keyhole in the back of my closet. \"Gadzooks!\" The key fit perfectly, and as I turned it, the back wall of the closet swung open to reveal a hidden room. It was filled with ancient artifacts and dusty tomes, hinting at a long-forgotten family legacy. I felt a rush of excitement, realizing that I was on the brink of a grand adventure.",
        "exits": {
          "explore_the_room": "family_secrets",
          "lock_the_door": "living_room"
        }
      },
      "serene_moment": { 
        "description": "My friend and I decided to have a picnic in the beautiful glade. As we laid out the blanket and unpacked our lunch, I suddenly spotted something glinting in the sunlight. \"Gadzooks!\" It was a small, intricately carved wooden box, half-buried in the soft moss. We opened it to find a collection of love letters from decades past, a testament to a romance that had once blossomed in this very spot. We spent the afternoon reading the letters aloud, marveling at the enduring power of love.",
        "exits": {
          "leave_the_letters": "unexpected_adventure",
          "take_the_letters": "romantic_inspiration"
        }
      },
      "hidden_waterfall": {
        "description": "We followed the brook deeper into the woods, the sound of rushing water growing louder with each step. Suddenly, we pushed through a curtain of vines and found ourselves standing at the base of a magnificent waterfall. \"Gadzooks!\" The water cascaded down from a towering cliff, creating a shimmering mist that danced in the sunlight. We stripped down to our underwear and plunged into the cool, crystal-clear pool, laughing and splashing each other with childlike joy.",
        "exits": {
          "explore_the_cave": "treasure_hunt",
          "dry_off_and_head_back": "unexpected_adventure"
        }
      },
      "love_story_beginning": {
        "description": "I approached my coworker, my heart pounding in my chest. As I showed them the note, their eyes widened in surprise. \"Gadzooks!\" They admitted that they had been in love with me for months, but had been too afraid to say anything. I confessed my own feelings, and we shared a sweet, tender kiss. It was the beginning of a beautiful love story, one that I never saw coming.",
        "exits": {}
      },
      "missed_connection": {
        "description": "I tried to work up the courage to confront my coworker about the note, but every time I saw them, my nerves got the best of me. Days turned into weeks, and still, I said nothing. One day, I overheard them talking about accepting a job offer in another city. \"Gadzooks!\" My heart sank, realizing that I had missed my chance. As I watched them leave the office for the last time, I felt a pang of regret, wondering what might have been.",
        "exits": {}
      },
      "unexpected_friendship": {
        "description": "I called my neighbor, eager to congratulate them on their heroic act. As we talked, I discovered that we had more in common than I ever realized. \"Gadzooks!\" We bonded over our shared love of adventure and our desire to make a difference in the world. From that day forward, we became the best of friends, embarking on countless adventures together and inspiring each other to be the heroes of our own stories.",
        "exits": {}
      },
      "new_perspective": {
        "description": "As I watched the news report on my neighbor's heroic act, I felt a shift in my perspective. \"Gadzooks!\" I had always been content with my quiet, uneventful life, but now I yearned for something more. I realized that life was full of surprises and that every day held the potential for adventure and meaning. From that moment on, I embraced each new experience with open arms, ready to be amazed by the wonders of the world.",
        "exits": {}
      },
      "family_secrets": {
        "description": "As I delved deeper into the hidden room, I uncovered the truth about my family's past. \"Gadzooks!\" My great-grandfather had been a renowned adventurer, traveling the world in search of ancient artifacts and lost civilizations. I found his journal, filled with tales of daring exploits and narrow escapes. I felt a newfound connection to my ancestors, and a burning desire to follow in their footsteps. I knew that my life would never be the same.",
        "exits": {}
      }, 
      "romantic_inspiration": {
        "description": "Reading the love letters in the glade filled me with a sense of romantic inspiration. \"Gadzooks!\" I resolved to embrace love in all its forms and to never let fear hold me back from pursuing my heart's desire. I started writing my own love letters, pouring out my feelings for my secret admirer. I left them scattered around town, hoping that fate would bring us together. And when we finally met, it was like something out of a fairytale.",
        "exits": {}
      },
      "treasure_hunt": {
        "description": "Inside the waterfall cave, I discovered a series of ancient carvings that hinted at a hidden treasure. \"Gadzooks!\" My friend and I spent the rest of the day deciphering the clues and following the trail deeper into the woods. We faced countless challenges and obstacles, but our determination never wavered. And when we finally uncovered the treasure chest, filled with glittering gold and priceless artifacts, we knew that our lives would be forever changed by this incredible adventure.",
        "exits": {}
      },
      "chance_encounter": {
        "description": "My friend and I organized a reunion of our old childhood gang. As we gathered in the park, swapping stories and laughing over old photos, I suddenly spotted a familiar face in the crowd. \"Gadzooks!\" It was my high school crush, the one that got away. We locked eyes, and I felt a spark of electricity between us. We spent the rest of the day catching up, marveling at the twists and turns of fate that had brought us back together after so many years.",
        "exits": {}
      }
    }
  }