{
  "name": "The Labyrinth of Shadows",
  "button_color": "#4b3f72",
  "start_room": "entrance",
  "rooms": {
    "entrance": {
      "description": "You find yourself standing before the ominous entrance of the Labyrinth of Shadows, a legendary maze shrouded in mystery and dread. The air is thick with the scent of ancient stone and the whispers of forgotten secrets. The labyrinth's towering walls stretch skyward, their surfaces adorned with intricate carvings that seem to dance in the dim light. The villagers have long spoken of the labyrinth's dark reputation, and you have been drawn here by a burning curiosity and a desire to uncover the truth behind the legends. With a deep breath, you step through the archway, the heavy wooden door creaking shut behind you, sealing you within the labyrinth's twisted depths.\n\nSkill check: You must roll 1d10 with a target of 6 to navigate the initial twists and turns of the labyrinth without getting lost.",
      "exits": {
        "Venture Forth": {
          "skill_check": {
            "dice_type": "1d10",
            "target": 6,
            "success": {
              "description": "With careful steps and a keen eye for the labyrinth's deceptive turns, you navigate the initial twists and turns, your heart pounding with a mixture of excitement and trepidation. The deeper you delve, the more you feel the weight of centuries pressing down upon you, as if the very labyrinth itself is resisting your intrusion. Eventually, you emerge into a vast chamber, its walls adorned with ancient murals depicting scenes of heroism and despair.",
              "room": "chamber_of_murals"
            },
            "failure": {
              "description": "Despite your best efforts, the labyrinth's deceptive turns prove too much for your navigation skills. You find yourself hopelessly lost, the walls seeming to close in around you. With a sinking feeling, you realize that you must retrace your steps and try again, hoping to find a clearer path through the maze.",
              "room": "lost_in_labyrinth"
            }
          }
        }
      },
      "image": null,
      "revisit_count": 3,
      "revisit_content": "As you prepare to enter the labyrinth once more, you notice a small, tattered scrap of paper fluttering in the wind. Snatching it from the air, you decipher the faded writing and realize it is a fragment of a map, hinting at a hidden path within the labyrinth. Could this be the key to navigating the labyrinth's treacherous halls safely?"
    },
    "chamber_of_murals": {
      "description": "The chamber of murals is a breathtaking sight, a testament to the labyrinth's ancient past. As you explore the intricate carvings and faded paintings adorning the walls, you can't help but feel a sense of reverence, as if you've stumbled upon a sacred place untouched by the ravages of time. The murals depict scenes of heroism and despair, each one a snapshot of a forgotten era, filled with tales of bravery and tragedy. Your attention is drawn to a central mural, which seems to depict a great battle between a hero and a monstrous creature, the outcome of which is unclear.\n\nSkill check: You must roll 1d12 with a target of 8 to decipher the meaning behind the central mural and uncover its hidden secrets.",
      "exits": {
        "Examine the Murals": {
          "skill_check": {
            "dice_type": "1d12",
            "target": 8,
            "success": {
              "description": "After hours of painstaking study, you manage to decipher the meaning behind the central mural. The scene depicts a legendary battle between a hero and a monstrous creature, the outcome of which determined the fate of the labyrinth. The mural hints at a hidden chamber where the hero's ancient weapon is said to be hidden, a relic of immense power that could aid you in your quest. With renewed determination, you set out to find this hidden chamber, guided by the clues hidden within the mural.",
              "room": "hidden_chamber"
            },
            "failure": {
              "description": "Despite your best efforts, the meaning behind the central mural remains an impenetrable enigma, its secrets stubbornly guarded against your attempts to decipher them. Frustration and disappointment weigh heavily upon you as you're forced to abandon your efforts to uncover the mural's secrets, at least for now. You decide to explore the other exits from the chamber, hoping to find another path forward.",
              "room": "choice_area"
            }
          }
        },
        "Explore the Dark Corridor": {
          "room": "dark_corridor"
        },
        "Descend the Staircase": {
          "room": "underground_crypt"
        },
        "Retreat to the Entrance": {
          "room": "entrance"
        }
      },
      "image": null
    },
    "lost_in_labyrinth": {
      "description": "You find yourself hopelessly lost within the labyrinth's twisted depths, the walls seeming to close in around you. The air grows thick and oppressive, and the silence is deafening, broken only by the distant echo of your own footsteps. You struggle to find your bearings, but the labyrinth's deceptive turns and dead ends seem to thwart your every effort. Despair begins to set in, and you wonder if you will ever find your way out of this maze.\n\nSkill check: You must roll 1d8 with a target of 5 to regain your bearings and find a path forward.",
      "exits": {
        "Find a Path Forward": {
          "skill_check": {
            "dice_type": "1d8",
            "target": 5,
            "success": {
              "description": "With a renewed sense of determination, you manage to regain your bearings and find a path forward through the labyrinth's twisted depths. The walls no longer seem to close in around you, and the air grows lighter, filled with a sense of hope. You press onward, guided by a newfound resolve to uncover the labyrinth's secrets and emerge victorious.",
              "room": "chamber_of_murals"
            },
            "failure": {
              "description": "Despite your best efforts, you remain hopelessly lost within the labyrinth's depths. The walls seem to close in around you, and the air grows thick and oppressive. Despair sets in, and you realize that you must seek help if you are to have any hope of escaping the labyrinth. Reluctantly, you decide to call out for assistance, hoping that someone, or something, will hear your plea.",
              "room": "call_for_help"
            }
          }
        }
      },
      "image": null
    },
    "hidden_chamber": {
      "description": "Guided by the clues hidden within the central mural, you find yourself standing before a hidden chamber, its entrance concealed behind a false wall. With a sense of anticipation, you push open the hidden door and step inside, the air within the chamber thick with the scent of ancient power. The chamber is dimly lit, the walls adorned with ancient runes that seem to pulse with an otherworldly energy. In the center of the chamber, you find an ancient weapon, its blade gleaming with a faint, ethereal light. The weapon seems to call out to you, its power palpable and intoxicating.\n\nSkill check: You must roll 1d10 with a target of 7 to safely retrieve the ancient weapon without triggering any hidden traps.",
      "exits": {
        "Retrieve the Ancient Weapon": {
          "skill_check": {
            "dice_type": "1d10",
            "target": 7,
            "success": {
              "description": "With steady hands and a keen eye for hidden traps, you manage to safely retrieve the ancient weapon. The blade feels light in your hand, its power coursing through your veins like liquid fire. You know that this weapon will be a formidable ally in your quest to uncover the labyrinth's secrets and emerge victorious. With renewed determination, you set out to explore the labyrinth's depths, guided by the ancient weapon's power.",
              "room": "choice_area"
            },
            "failure": {
              "description": "Despite your best efforts, you trigger a hidden trap as you attempt to retrieve the ancient weapon. The chamber is filled with a blinding flash of light, and you are thrown back by an unseen force. Dazed and disoriented, you realize that the ancient weapon is now out of reach, its power lost to you. Reluctantly, you decide to explore the other exits from the chamber, hoping to find another path forward.",
              "room": "choice_area"
            }
          }
        }
      },
      "image": null
    },
    "dark_corridor": {
      "description": "You venture down a dark corridor, the air growing colder and the shadows deeper with each step. The walls are lined with ancient statues, their eyes seeming to follow your every move. The silence is oppressive, broken only by the distant echo of your own footsteps. As you press onward, you begin to feel a creeping sense of unease, as if the very air itself is alive with malevolent intent. Suddenly, you hear a faint whispering sound, growing louder and more insistent with each passing moment.\n\nSkill check: You must roll 1d12 with a target of 9 to identify the source of the whispering sound and uncover its true nature.",
      "exits": {
        "Investigate the Whispering Sound": {
          "skill_check": {
            "dice_type": "1d12",
            "target": 9,
            "success": {
              "description": "With a keen ear and a sharp mind, you manage to identify the source of the whispering sound. It seems to be emanating from a hidden alcove, concealed behind one of the ancient statues. As you approach the alcove, the whispering grows louder and more insistent, revealing itself to be the voice of an ancient spirit, bound to the labyrinth by a dark curse. The spirit speaks of a hidden chamber where a powerful artifact is said to be hidden, a relic that could aid you in your quest. With renewed determination, you set out to find this hidden chamber, guided by the spirit's whispers.",
              "room": "hidden_chamber"
            },
            "failure": {
              "description": "Despite your best efforts, the source of the whispering sound remains an elusive enigma, its true nature hidden from your understanding. The whispering grows louder and more insistent, filling the corridor with a sense of malevolent intent. You realize that you must retreat and find another path forward, lest you fall prey to the dark forces that dwell within the labyrinth.",
              "room": "choice_area"
            }
          }
        },
        "Retreat to the Chamber of Murals": {
          "room": "chamber_of_murals"
        }
      },
      "image": null
    },
    "underground_crypt": {
      "description": "You descend a winding staircase, the air growing colder and the shadows deeper with each step. The walls are lined with ancient tombs, their surfaces adorned with intricate carvings that seem to dance in the dim light. The silence is oppressive, broken only by the distant echo of your own footsteps. As you press onward, you begin to feel a creeping sense of unease, as if the very air itself is alive with malevolent intent. Suddenly, you hear a faint scratching sound, growing louder and more insistent with each passing moment.\n\nSkill check: You must roll 1d10 with a target of 8 to identify the source of the scratching sound and uncover its true nature.",
      "exits": {
        "Investigate the Scratching Sound": {
          "skill_check": {
            "dice_type": "1d10",
            "target": 8,
            "success": {
              "description": "With a keen ear and a sharp mind, you manage to identify the source of the scratching sound. It seems to be emanating from one of the ancient tombs, its surface adorned with intricate carvings that seem to pulse with an otherworldly energy. As you approach the tomb, the scratching grows louder and more insistent, revealing itself to be the sound of a restless spirit, bound to the labyrinth by a dark curse. The spirit speaks of a hidden chamber where a powerful artifact is said to be hidden, a relic that could aid you in your quest. With renewed determination, you set out to find this hidden chamber, guided by the spirit's whispers.",
              "room": "hidden_chamber"
            },
            "failure": {
              "description": "Despite your best efforts, the source of the scratching sound remains an elusive enigma, its true nature hidden from your understanding. The scratching grows louder and more insistent, filling the crypt with a sense of malevolent intent. You realize that you must retreat and find another path forward, lest you fall prey to the dark forces that dwell within the labyrinth.",
              "room": "choice_area"
            }
          }
        },
        "Retreat to the Chamber of Murals": {
          "room": "chamber_of_murals"
        }
      },
      "image": null
    },
    "choice_area": {
      "description": "You find yourself standing at a crossroads within the labyrinth, the paths before you leading in different directions. The air is thick with the scent of ancient stone and the whispers of forgotten secrets. You know that the path you choose will determine the course of your quest, and you must make your decision wisely. The labyrinth's dark reputation hangs heavy in the air, and you can feel the weight of its mysteries pressing down upon you.\n\nSkill check: You must roll 1d8 with a target of 5 to choose the correct path forward.",
      "exits": {
        "Choose the Left Path": {
          "skill_check": {
            "dice_type": "1d8",
            "target": 5,
            "success": {
              "description": "With a keen sense of direction and a sharp mind, you choose the left path, guided by an intuition that this is the correct way forward. The path leads you deeper into the labyrinth's depths, the walls seeming to close in around you. But you press onward, driven by a renewed sense of determination and a desire to uncover the labyrinth's secrets.",
              "room": "chamber_of_murals"
            },
            "failure": {
              "description": "Despite your best efforts, the left path proves to be a dead end, leading you into a dark and foreboding chamber filled with the whispers of ancient spirits. You realize that you must retrace your steps and choose another path forward, hoping to find the correct way through the labyrinth.",
              "room": "dark_corridor"
            }
          }
        },
        "Choose the Right Path": {
          "skill_check": {
            "dice_type": "1d8",
            "target": 5,
            "success": {
              "description": "With a keen sense of direction and a sharp mind, you choose the right path, guided by an intuition that this is the correct way forward. The path leads you deeper into the labyrinth's depths, the walls seeming to close in around you. But you press onward, driven by a renewed sense of determination and a desire to uncover the labyrinth's secrets.",
              "room": "underground_crypt"
            },
            "failure": {
              "description": "Despite your best efforts, the right path proves to be a dead end, leading you into a dark and foreboding chamber filled with the whispers of ancient spirits. You realize that you must retrace your steps and choose another path forward, hoping to find the correct way through the labyrinth.",
              "room": "dark_corridor"
            }
          }
        },
        "Choose the Center Path": {
          "skill_check": {
            "dice_type": "1d8",
            "target": 5,
            "success": {
              "description": "With a keen sense of direction and a sharp mind, you choose the center path, guided by an intuition that this is the correct way forward. The path leads you deeper into the labyrinth's depths, the walls seeming to close in around you. But you press onward, driven by a renewed sense of determination and a desire to uncover the labyrinth's secrets.",
              "room": "hidden_chamber"
            },
            "failure": {
              "description": "Despite your best efforts, the center path proves to be a dead end, leading you into a dark and foreboding chamber filled with the whispers of ancient spirits. You realize that you must retrace your steps and choose another path forward, hoping to find the correct way through the labyrinth.",
              "room": "dark_corridor"
            }
          }
        },
        "Retreat to the Chamber of Murals": {
          "room": "chamber_of_murals"
        }
      },
      "image": null
    },
    "call_for_help": {
      "description": "Desperate and lost within the labyrinth's depths, you decide to call out for help, hoping that someone, or something, will hear your plea. The silence is deafening, broken only by the distant echo of your own voice. You wait, heart pounding, as the seconds stretch into minutes. Suddenly, you hear a faint sound, growing louder and more insistent with each passing moment. It seems to be the sound of footsteps, approaching from the darkness.\n\nSkill check: You must roll 1d10 with a target of 7 to determine the true nature of the approaching footsteps.",
      "exits": {
        "Investigate the Footsteps": {
          "skill_check": {
            "dice_type": "1d10",
            "target": 7,
            "success": {
              "description": "With a keen ear and a sharp mind, you manage to determine the true nature of the approaching footsteps. They belong to a mysterious figure, cloaked in shadows, who seems to have been drawn to your plea for help. The figure speaks in a low, hushed voice, offering to guide you through the labyrinth's depths. With a sense of relief, you accept the figure's offer, hoping that they will lead you to safety.",
              "room": "mysterious_guide"
            },
            "failure": {
              "description": "Despite your best efforts, the true nature of the approaching footsteps remains hidden from your understanding. The footsteps grow louder and more insistent, filling the labyrinth with a sense of malevolent intent. You realize that you must flee, lest you fall prey to the dark forces that dwell within the labyrinth.",
              "room": "flee_from_footsteps"
            }
          }
        }
      },
      "image": null
    },
    "mysterious_guide": {
      "description": "The mysterious figure leads you through the labyrinth's twisted depths, their every movement guided by an unseen force. The walls seem to part before you, revealing hidden paths and secret chambers that you never would have found on your own. The figure speaks in a low, hushed voice, their words filled with ancient wisdom and cryptic warnings. You begin to feel a sense of unease, as if the figure's true intentions are hidden from your understanding.\n\nSkill check: You must roll 1d12 with a target of 9 to uncover the true intentions of the mysterious figure.",
      "exits": {
        "Uncover the Figure's Intentions": {
          "skill_check": {
            "dice_type": "1d12",
            "target": 9,
            "success": {
              "description": "With a keen mind and a sharp intuition, you manage to uncover the true intentions of the mysterious figure. They are a guardian of the labyrinth, bound by an ancient oath to protect its secrets and guide those who are worthy. The figure reveals that you have been chosen to uncover the labyrinth's ultimate secret, a truth that has been hidden for centuries. With renewed determination, you set out to uncover this secret, guided by the figure's wisdom.",
              "room": "ultimate_secret"
            },
            "failure": {
              "description": "Despite your best efforts, the true intentions of the mysterious figure remain hidden from your understanding. The figure leads you deeper into the labyrinth's depths, their every movement guided by an unseen force. You begin to feel a creeping sense of unease, as if the figure's true intentions are malevolent. Reluctantly, you decide to flee, hoping to escape the figure's grasp and find another path forward.",
              "room": "flee_from_figure"
            }
          }
        }
      },
      "image": null
    },
    "flee_from_footsteps": {
      "description": "With a sense of urgency, you flee from the approaching footsteps, your heart pounding in your chest. The labyrinth's twisted depths seem to close in around you, the walls growing darker and more oppressive with each passing moment. You struggle to find your bearings, but the labyrinth's deceptive turns and dead ends seem to thwart your every effort. Despair begins to set in, and you wonder if you will ever find your way out of this maze.\n\nSkill check: You must roll 1d8 with a target of 5 to find a path forward and escape the approaching footsteps.",
      "exits": {
        "Find a Path Forward": {
          "skill_check": {
            "dice_type": "1d8",
            "target": 5,
            "success": {
              "description": "With a renewed sense of determination, you manage to find a path forward through the labyrinth's twisted depths. The walls no longer seem to close in around you, and the air grows lighter, filled with a sense of hope. You press onward, guided by a newfound resolve to uncover the labyrinth's secrets and emerge victorious.",
              "room": "choice_area"
            },
            "failure": {
              "description": "Despite your best efforts, you remain hopelessly lost within the labyrinth's depths. The walls seem to close in around you, and the air grows thick and oppressive. Despair sets in, and you realize that you must seek help if you are to have any hope of escaping the labyrinth. Reluctantly, you decide to call out for assistance, hoping that someone, or something, will hear your plea.",
              "room": "call_for_help"
            }
          }
        }
      },
      "image": null
    },
    "flee_from_figure": {
      "description": "With a sense of urgency, you flee from the mysterious figure, your heart pounding in your chest. The labyrinth's twisted depths seem to close in around you, the walls growing darker and more oppressive with each passing moment. You struggle to find your bearings, but the labyrinth's deceptive turns and dead ends seem to thwart your every effort. Despair begins to set in, and you wonder if you will ever find your way out of this maze.\n\nSkill check: You must roll 1d8 with a target of 5 to find a path forward and escape the mysterious figure.",
      "exits": {
        "Find a Path Forward": {
          "skill_check": {
            "dice_type": "1d8",
            "target": 5,
            "success": {
              "description": "With a renewed sense of determination, you manage to find a path forward through the labyrinth's twisted depths. The walls no longer seem to close in around you, and the air grows lighter, filled with a sense of hope. You press onward, guided by a newfound resolve to uncover the labyrinth's secrets and emerge victorious.",
              "room": "choice_area"
            },
            "failure": {
              "description": "Despite your best efforts, you remain hopelessly lost within the labyrinth's depths. The walls seem to close in around you, and the air grows thick and oppressive. Despair sets in, and you realize that you must seek help if you are to have any hope of escaping the labyrinth. Reluctantly, you decide to call out for assistance, hoping that someone, or something, will hear your plea.",
              "room": "call_for_help"
            }
          }
        }
      },
      "image": null
    },
    "ultimate_secret": {
      "description": "Guided by the mysterious figure's wisdom, you find yourself standing before the ultimate secret of the labyrinth, a hidden chamber shrouded in mystery and legend. The chamber is dimly lit, the walls adorned with ancient runes that seem to pulse with an otherworldly energy. In the center of the chamber, you find an ancient artifact, its surface gleaming with a faint, ethereal light. The artifact seems to call out to you, its power palpable and intoxicating.\n\nSkill check: You must roll 1d10 with a target of 7 to safely retrieve the ancient artifact without triggering any hidden traps.",
      "exits": {
        "Retrieve the Ancient Artifact": {
          "skill_check": {
            "dice_type": "1d10",
            "target": 7,
            "success": {
              "description": "With steady hands and a keen eye for hidden traps, you manage to safely retrieve the ancient artifact. The artifact feels light in your hand, its power coursing through your veins like liquid fire. You know that this artifact will be a formidable ally in your quest to uncover the labyrinth's secrets and emerge victorious. With renewed determination, you set out to explore the labyrinth's depths, guided by the ancient artifact's power.",
              "room": "ending_success"
            },
            "failure": {
              "description": "Despite your best efforts, you trigger a hidden trap as you attempt to retrieve the ancient artifact. The chamber is filled with a blinding flash of light, and you are thrown back by an unseen force. Dazed and disoriented, you realize that the ancient artifact is now out of reach, its power lost to you. Reluctantly, you decide to explore the other exits from the chamber, hoping to find another path forward.",
              "room": "choice_area"
            }
          }
        }
      },
      "image": null
    },
    "ending_success": {
      "description": "You stand in the heart of the labyrinth, surrounded by the scattered artifacts and the remnants of the rituals you've just performed. The air is still and silent, the malevolent chanting and otherworldly howls that had filled the chamber just moments ago now gone, banished along with the ancient evil you've faced. As you take in your surroundings, you can't help but feel a sense of awe and disbelief at what you've accomplished. Against all odds, you have delved into the depths of the labyrinth and confronted a malignant force that should have remained undisturbed, and you've emerged victorious. The labyrinth's secrets are now yours to uncover, and you know that the experience has left an indelible mark upon your psyche, a reminder of the terrible price that comes with delving too deeply into the mysteries of the ancient world. With renewed determination, you set out to explore the labyrinth's depths, guided by the ancient artifact's power.",
      "exits": {},
      "image": null
    },
    "ending_failure": {
      "description": "You find yourself adrift in a realm of nightmares, a twisted landscape of impossible geometries and eldritch horrors that defy comprehension. The malevolent entity you sought to banish has claimed you as its prize, dragging you into the depths of its unholy domain. As you struggle to make sense of your surroundings, you catch glimpses of your team, their faces contorted in expressions of abject terror and madness. Some have succumbed to the entity's malignant influence, their minds shattered by the profane truths they've witnessed, while others cling desperately to the last vestiges of their sanity. You try to call out to them, but your voice is swallowed by the oppressive silence that hangs over this nightmarish realm. The entity's presence is everywhere and nowhere, a pervasive force that seems to seep into your very being, whispering blasphemous secrets and sowing the seeds of madness. As time loses all meaning, and the boundaries between reality and nightmare blur, you can feel your grip on sanity slipping away, the weight of the entity's malign influence slowly crushing your mind and soul. In your darkest moments, you wonder if this is to be your eternal fate, trapped forever in a realm of torment and madness, a punishment for daring to delve too deeply into secrets best left undisturbed. But even as the last flickering embers of hope begin to fade, you cling to the memory of the world you've left behind, a reminder that no matter how deep the darkness, there is always a glimmer of light to guide you home. And so you fight on, your spirit unbroken, determined to one day find a way to escape this nightmare and return to the world of the living, no matter the cost.",
      "exits": {},
      "image": null
    },
    "ending_escape": {
      "description": "You stand at the edge of the labyrinth's grounds, the imposing facade now sealed and seemingly impregnable. The weight of your narrow escape hangs heavy upon you, a sobering reminder of the terrible price that comes with delving too deeply into the mysteries of the ancient world. As you turn to make your way back to the safety of your village, you can't help but feel a sense of disappointment mingled with relief. The secrets of the labyrinth you sought to unravel will remain buried for now, their mysteries left unexplored and their knowledge untapped. But you also know that you have glimpsed into the abyss, and though you've emerged unscathed, the experience has left an indelible mark upon your psyche. You've witnessed horrors that defy comprehension, and you've faced a malevolent force that should have remained undisturbed, an ancient evil that has left a lingering taint upon your very soul. As you make your way across the grounds, the weight of the labyrinth's secrets seems to press down upon you with each step, a constant reminder of the fragile veil that separates the world of the living from the realms of the unknown. You vow to return one day, better prepared to face the dangers that lie within the labyrinth's depths, but for now, you're content to leave the labyrinth's mysteries undisturbed, a reminder that some secrets are better left buried.",
      "exits": {},
      "image": null
    }
  }
}