{
  "name": "The Whispering Abyss",
  "button_color": "#2e2e2e",
  "start_room": "entrance",
  "rooms": {
    "entrance": {
      "description": "You stand before the ominous entrance of the Whispering Abyss, a legendary chasm said to be filled with ancient secrets and dark mysteries. The air is thick with the scent of damp earth and the whispers of forgotten tales. The villagers have long spoken of the abyss's dark reputation, and you have been drawn here by a burning curiosity and a desire to uncover the truth behind the legends.\nAs you take your first steps into the abyss, the darkness seems to swallow you whole, the faint glow of your lantern barely piercing the inky blackness. The path ahead is treacherous, filled with hidden dangers and unknown terrors. You know that your journey will be fraught with peril, but the promise of discovery and the allure of the unknown drive you forward.\n\nSkill check: You must roll 1d10 with a target of 6 to navigate the initial descent into the abyss without stumbling into a hidden pitfall.",
      "exits": {
        "Descend into the Abyss": {
          "skill_check": {
            "dice_type": "1d10",
            "target": 6,
            "success": {
              "description": "With careful steps and a keen eye for hidden dangers, you navigate the initial descent into the abyss. The path is steep and treacherous, but your lantern's faint glow guides you safely through the darkness. As you delve deeper, the air grows colder and the whispers grow louder, echoing through the chasm like the voices of the long-forgotten.\nEventually, you emerge into a vast cavern, its walls adorned with ancient carvings and glowing fungi that cast an eerie light over the scene.",
              "room": "cavern_of_whispers"
            },
            "failure": {
              "description": "Despite your best efforts, the treacherous path proves too much for your navigation skills. You stumble into a hidden pitfall, twisting your ankle and sending a wave of pain shooting up your leg. Reluctantly, you realize that you must retreat and seek medical attention before continuing your journey.",
              "room": "retreat_to_village"
            }
          }
        }
      },
      "image": null,
      "revisit_count": 3,
      "revisit_content": "As you prepare to enter the abyss once more, you notice a small, tattered scrap of paper fluttering in the wind. Snatching it from the air, you decipher the faded writing and realize it is a fragment of a map, hinting at a hidden path within the abyss. Could this be the key to navigating the abyss's treacherous depths safely?"
    },
    "cavern_of_whispers": {
      "description": "The cavern of whispers is a breathtaking sight, a testament to the abyss's ancient past. As you explore the intricate carvings and glowing fungi adorning the walls, you can't help but feel a sense of reverence, as if you've stumbled upon a sacred place untouched by the ravages of time. The whispers seem to grow louder here, their echoes filling the cavern with a haunting melody that sends shivers down your spine.\nYour attention is drawn to a central carving, which seems to depict a great battle between a hero and a monstrous creature, the outcome of which is unclear.\n\nSkill check: You must roll 1d12 with a target of 8 to decipher the meaning behind the central carving and uncover its hidden secrets.",
      "exits": {
        "Examine the Carvings": {
          "skill_check": {
            "dice_type": "1d12",
            "target": 8,
            "success": {
              "description": "After hours of painstaking study, you manage to decipher the meaning behind the central carving. The scene depicts a legendary battle between a hero and a monstrous creature, the outcome of which determined the fate of the abyss. The carving hints at a hidden chamber where the hero's ancient weapon is said to be hidden, a relic of immense power that could aid you in your quest. With renewed determination, you set out to find this hidden chamber, guided by the clues hidden within the carving.",
              "room": "hidden_chamber"
            },
            "failure": {
              "description": "Despite your best efforts, the meaning behind the central carving remains an impenetrable enigma, its secrets stubbornly guarded against your attempts to decipher them. Frustration and disappointment weigh heavily upon you as you're forced to abandon your efforts to uncover the carving's secrets, at least for now. You decide to explore the other exits from the cavern, hoping to find another path forward.",
              "room": "choice_area"
            }
          }
        },
        "Explore the Dark Tunnel": {
          "room": "dark_tunnel"
        },
        "Descend the Staircase": {
          "room": "underground_crypt"
        },
        "Retreat to the Entrance": {
          "room": "entrance"
        }
      },
      "image": null
    },
    "retreat_to_village": {
      "description": "Reluctantly, you make the difficult decision to retreat to the village and seek medical attention for your injured ankle. The journey back is arduous, but you eventually arrive at the village healer's humble abode. The healer welcomes you with open arms and a sympathetic ear, listening intently as you recount your harrowing tale.\n\nSkill check: You must roll 1d8 with a target of 5 for the healer's treatment to be successful in restoring your strength.",
      "exits": {
        "Undergo the Healer's Treatment": {
          "skill_check": {
            "dice_type": "1d8",
            "target": 5,
            "success": {
              "description": "Under the healer's expert care and guidance, you undergo a rigorous regimen of restorative treatments and ancient rituals. With each passing day, you can feel your strength returning, your wounds healing, and your resolve solidifying. After what seems like an eternity, the healer declares you fit to continue your quest, and you set off once more, invigorated and determined to face the abyss's depths.",
              "room": "entrance"
            },
            "failure": {
              "description": "Despite the healer's best efforts, your injuries prove too severe, and their treatments fail to restore you to the level of physical prowess required to take on the abyss's challenges. With a heavy heart, you accept that your quest has come to an end, and you must return to your village, entrusting the task of exploring the abyss to another brave soul.",
              "room": "end"
            }
          }
        }
      },
      "image": null
    },
    "hidden_chamber": {
      "description": "Guided by the clues hidden within the central carving, you find yourself standing before a hidden chamber, its entrance concealed behind a false wall. With a sense of anticipation, you push open the hidden door and step inside, the air within the chamber thick with the scent of ancient power. The chamber is dimly lit, the walls adorned with ancient runes that seem to pulse with an otherworldly energy. In the center of the chamber, you find an ancient weapon, its blade gleaming with a faint, ethereal light. The weapon seems to call out to you, its power palpable and intoxicating.\n\nSkill check: You must roll 1d10 with a target of 7 to safely retrieve the ancient weapon without triggering any hidden traps.",
      "exits": {
        "Retrieve the Ancient Weapon": {
          "skill_check": {
            "dice_type": "1d10",
            "target": 7,
            "success": {
              "description": "With steady hands and a keen eye for hidden traps, you manage to safely retrieve the ancient weapon. The blade feels light in your hand, its power coursing through your veins like liquid fire. You know that this weapon will be a formidable ally in your quest to uncover the abyss's secrets and emerge victorious. With renewed determination, you set out to explore the abyss's depths, guided by the ancient weapon's power.",
              "room": "choice_area"
            },
            "failure": {
              "description": "Despite your best efforts, you trigger a hidden trap as you attempt to retrieve the ancient weapon. The chamber is filled with a blinding flash of light, and you are thrown back by an unseen force. Dazed and disoriented, you realize that the ancient weapon is now out of reach, its power lost to you. Reluctantly, you decide to explore the other exits from the chamber, hoping to find another path forward.",
              "room": "choice_area"
            }
          }
        }
      },
      "image": null
    },
    "dark_tunnel": {
      "description": "You venture down a dark tunnel, the air growing colder and the shadows deeper with each step. The walls are lined with ancient statues, their eyes seeming to follow your every move. The silence is oppressive, broken only by the distant echo of your own footsteps. As you press onward, you begin to feel a creeping sense of unease, as if the very air itself is alive with malevolent intent. Suddenly, you hear a faint whispering sound, growing louder and more insistent with each passing moment.\n\nSkill check: You must roll 1d12 with a target of 9 to identify the source of the whispering sound and uncover its true nature.",
      "exits": {
        "Investigate the Whispering Sound": {
          "skill_check": {
            "dice_type": "1d12",
            "target": 9,
            "success": {
              "description": "With a keen ear and a sharp mind, you manage to identify the source of the whispering sound. It seems to be emanating from a hidden alcove, concealed behind one of the ancient statues. As you approach the alcove, the whispering grows louder and more insistent, revealing itself to be the voice of an ancient spirit, bound to the abyss by a dark curse. The spirit speaks of a hidden chamber where a powerful artifact is said to be hidden, a relic that could aid you in your quest. With renewed determination, you set out to find this hidden chamber, guided by the spirit's whispers.",
              "room": "hidden_chamber"
            },
            "failure": {
              "description": "Despite your best efforts, the source of the whispering sound remains an elusive enigma, its true nature hidden from your understanding. The whispering grows louder and more insistent, filling the tunnel with a sense of malevolent intent. You realize that you must retreat and find another path forward, lest you fall prey to the dark forces that dwell within the abyss.",
              "room": "choice_area"
            }
          }
        },
        "Retreat to the Cavern of Whispers": {
          "room": "cavern_of_whispers"
        }
      },
      "image": null
    },
    "underground_crypt": {
      "description": "You descend a winding staircase, the air growing colder and the shadows deeper with each step. The walls are lined with ancient tombs, their surfaces adorned with intricate carvings that seem to dance in the dim light. The silence is oppressive, broken only by the distant echo of your own footsteps. As you press onward, you begin to feel a creeping sense of unease, as if the very air itself is alive with malevolent intent. Suddenly, you hear a faint scratching sound, growing louder and more insistent with each passing moment.\n\nSkill check: You must roll 1d10 with a target of 8 to identify the source of the scratching sound and uncover its true nature.",
      "exits": {
        "Investigate the Scratching Sound": {
          "skill_check": {
            "dice_type": "1d10",
            "target": 8,
            "success": {
              "description": "With a keen ear and a sharp mind, you manage to identify the source of the scratching sound. It seems to be emanating from one of the ancient tombs, its surface adorned with intricate carvings that seem to pulse with an otherworldly energy. As you approach the tomb, the scratching grows louder and more insistent, revealing itself to be the sound of a restless spirit, bound to the abyss by a dark curse. The spirit speaks of a hidden chamber where a powerful artifact is said to be hidden, a relic that could aid you in your quest. With renewed determination, you set out to find this hidden chamber, guided by the spirit's whispers.",
              "room": "hidden_chamber"
            },
            "failure": {
              "description": "Despite your best efforts, the source of the scratching sound remains an elusive enigma, its true nature hidden from your understanding. The scratching grows louder and more insistent, filling the crypt with a sense of malevolent intent. You realize that you must retreat and find another path forward, lest you fall prey to the dark forces that dwell within the abyss.",
              "room": "choice_area"
            }
          }
        },
        "Retreat to the Cavern of Whispers": {
          "room": "cavern_of_whispers"
        }
      },
      "image": null
    },
    "choice_area": {
      "description": "You find yourself standing at a crossroads within the abyss, the paths before you leading in different directions. The air is thick with the scent of ancient stone and the whispers of forgotten secrets. You know that the path you choose will determine the course of your quest, and you must make your decision wisely. The abyss's dark reputation hangs heavy in the air, and you can feel the weight of its mysteries pressing down upon you.\n\nSkill check: You must roll 1d8 with a target of 5 to choose the correct path forward.",
      "exits": {
        "Choose the Left Path": {
          "skill_check": {
            "dice_type": "1d8",
            "target": 5,
            "success": {
              "description": "With a keen sense of direction and a sharp mind, you choose the left path, guided by an intuition that this is the correct way forward. The path leads you deeper into the abyss's depths, the walls seeming to close in around you. But you press onward, driven by a renewed sense of determination and a desire to uncover the abyss's secrets.",
              "room": "cavern_of_whispers"
            },
            "failure": {
              "description": "Despite your best efforts, the left path proves to be a dead end, leading you into a dark and foreboding chamber filled with the whispers of ancient spirits. You realize that you must retrace your steps and choose another path forward, hoping to find the correct way through the abyss.",
              "room": "dark_tunnel"
            }
          }
        },
        "Choose the Right Path": {
          "skill_check": {
            "dice_type": "1d8",
            "target": 5,
            "success": {
              "description": "With a keen sense of direction and a sharp mind, you choose the right path, guided by an intuition that this is the correct way forward. The path leads you deeper into the abyss's depths, the walls seeming to close in around you. But you press onward, driven by a renewed sense of determination and a desire to uncover the abyss's secrets.",
              "room": "underground_crypt"
            },
            "failure": {
              "description": "Despite your best efforts, the right path proves to be a dead end, leading you into a dark and foreboding chamber filled with the whispers of ancient spirits. You realize that you must retrace your steps and choose another path forward, hoping to find the correct way through the abyss.",
              "room": "dark_tunnel"
            }
          }
        },
        "Choose the Center Path": {
          "skill_check": {
            "dice_type": "1d8",
            "target": 5,
            "success": {
              "description": "With a keen sense of direction and a sharp mind, you choose the center path, guided by an intuition that this is the correct way forward. The path leads you deeper into the abyss's depths, the walls seeming to close in around you. But you press onward, driven by a renewed sense of determination and a desire to uncover the abyss's secrets.",
              "room": "hidden_chamber"
            },
            "failure": {
              "description": "Despite your best efforts, the center path proves to be a dead end, leading you into a dark and foreboding chamber filled with the whispers of ancient spirits. You realize that you must retrace your steps and choose another path forward, hoping to find the correct way through the abyss.",
              "room": "dark_tunnel"
            }
          }
        },
        "Retreat to the Cavern of Whispers": {
          "room": "cavern_of_whispers"
        }
      },
      "image": null
    },
    "call_for_help": {
      "description": "Desperate and lost within the abyss's depths, you decide to call out for help, hoping that someone, or something, will hear your plea. The silence is deafening, broken only by the distant echo of your own voice. You wait, heart pounding, as the seconds stretch into minutes. Suddenly, you hear a faint sound, growing louder and more insistent with each passing moment. It seems to be the sound of footsteps, approaching from the darkness.\n\nSkill check: You must roll 1d10 with a target of 7 to determine the true nature of the approaching footsteps.",
      "exits": {
        "Investigate the Footsteps": {
          "skill_check": {
            "dice_type": "1d10",
            "target": 7,
            "success": {
              "description": "With a keen ear and a sharp mind, you manage to determine the true nature of the approaching footsteps. They belong to a mysterious figure, cloaked in shadows, who seems to have been drawn to your plea for help. The figure speaks in a low, hushed voice, offering to guide you through the abyss's depths. With a sense of relief, you accept the figure's offer, hoping that they will lead you to safety.",
              "room": "mysterious_guide"
            },
            "failure": {
              "description": "Despite your best efforts, the true nature of the approaching footsteps remains hidden from your understanding. The footsteps grow louder and more insistent, filling the abyss with a sense of malevolent intent. You realize that you must flee, lest you fall prey to the dark forces that dwell within the abyss.",
              "room": "flee_from_footsteps"
            }
          }
        }
      },
      "image": null
    },
    "mysterious_guide": {
      "description": "The mysterious figure leads you through the abyss's twisted depths, their every movement guided by an unseen force. The walls seem to part before you, revealing hidden paths and secret chambers that you never would have found on your own. The figure speaks in a low, hushed voice, their words filled with ancient wisdom and cryptic warnings. You begin to feel a sense of unease, as if the figure's true intentions are hidden from your understanding.\n\nSkill check: You must roll 1d12 with a target of 9 to uncover the true intentions of the mysterious figure.",
      "exits": {
        "Uncover the Figure's Intentions": {
          "skill_check": {
            "dice_type": "1d12",
            "target": 9,
            "success": {
              "description": "With a keen mind and a sharp intuition, you manage to uncover the true intentions of the mysterious figure. They are a guardian of the abyss, bound by an ancient oath to protect its secrets and guide those who are worthy. The figure reveals that you have been chosen to uncover the abyss's ultimate secret, a truth that has been hidden for centuries. With renewed determination, you set out to uncover this secret, guided by the figure's wisdom.",
              "room": "ultimate_secret"
            },
            "failure": {
              "description": "Despite your best efforts, the true intentions of the mysterious figure remain hidden from your understanding. The figure leads you deeper into the abyss's depths, their every movement guided by an unseen force. You begin to feel a creeping sense of unease, as if the figure's true intentions are malevolent. Reluctantly, you decide to flee, hoping to escape the figure's grasp and find another path forward.",
              "room": "flee_from_figure"
            }
          }
        }
      },
      "image": null
    },
    "flee_from_footsteps": {
      "description": "With a sense of urgency, you flee from the approaching footsteps, your heart pounding in your chest. The abyss's twisted depths seem to close in around you, the walls growing darker and more oppressive with each passing moment. You struggle to find your bearings, but the abyss's deceptive turns and dead ends seem to thwart your every effort. Despair begins to set in, and you wonder if you will ever find your way out of this maze.\n\nSkill check: You must roll 1d8 with a target of 5 to find a path forward and escape the approaching footsteps.",
      "exits": {
        "Find a Path Forward": {
          "skill_check": {
            "dice_type": "1d8",
            "target": 5,
            "success": {
              "description": "With a renewed sense of determination, you manage to find a path forward through the abyss's twisted depths. The walls no longer seem to close in around you, and the air grows lighter, filled with a sense of hope. You press onward, guided by a newfound resolve to uncover the abyss's secrets and emerge victorious.",
              "room": "choice_area"
            },
            "failure": {
              "description": "Despite your best efforts, you remain hopelessly lost within the abyss's depths. The walls seem to close in around you, and the air grows thick and oppressive. Despair sets in, and you realize that you must seek help if you are to have any hope of escaping the abyss. Reluctantly, you decide to call out for assistance, hoping that someone, or something, will hear your plea.",
              "room": "call_for_help"
            }
          }
        }
      },
      "image": null
    },
    "flee_from_figure": {
      "description": "With a sense of urgency, you flee from the mysterious figure, your heart pounding in your chest. The abyss's twisted depths seem to close in around you, the walls growing darker and more oppressive with each passing moment. You struggle to find your bearings, but the abyss's deceptive turns and dead ends seem to thwart your every effort. Despair begins to set in, and you wonder if you will ever find your way out of this maze.\n\nSkill check: You must roll 1d8 with a target of 5 to find a path forward and escape the mysterious figure.",
      "exits": {
        "Find a Path Forward": {
          "skill_check": {
            "dice_type": "1d8",
            "target": 5,
            "success": {
              "description": "With a renewed sense of determination, you manage to find a path forward through the abyss's twisted depths. The walls no longer seem to close in around you, and the air grows lighter, filled with a sense of hope. You press onward, guided by a newfound resolve to uncover the abyss's secrets and emerge victorious.",
              "room": "choice_area"
            },
            "failure": {
              "description": "Despite your best efforts, you remain hopelessly lost within the abyss's depths. The walls seem to close in around you, and the air grows thick and oppressive. Despair sets in, and you realize that you must seek help if you are to have any hope of escaping the abyss. Reluctantly, you decide to call out for assistance, hoping that someone, or something, will hear your plea.",
              "room": "call_for_help"
            }
          }
        }
      },
      "image": null
    },
    "ultimate_secret": {
      "description": "Guided by the mysterious figure's wisdom, you find yourself standing before the ultimate secret of the abyss, a hidden chamber shrouded in mystery and legend. The chamber is dimly lit, the walls adorned with ancient runes that seem to pulse with an otherworldly energy. In the center of the chamber, you find an ancient artifact, its surface gleaming with a faint, ethereal light. The artifact seems to call out to you, its power palpable and intoxicating.\n\nSkill check: You must roll 1d10 with a target of 7 to safely retrieve the ancient artifact without triggering any hidden traps.",
      "exits": {
        "Retrieve the Ancient Artifact": {
          "skill_check": {
            "dice_type": "1d10",
            "target": 7,
            "success": {
              "description": "With steady hands and a keen eye for hidden traps, you manage to safely retrieve the ancient artifact. The artifact feels light in your hand, its power coursing through your veins like liquid fire. You know that this artifact will be a formidable ally in your quest to uncover the abyss's secrets and emerge victorious. With renewed determination, you set out to explore the abyss's depths, guided by the ancient artifact's power.",
              "room": "ending_success"
            },
            "failure": {
              "description": "Despite your best efforts, you trigger a hidden trap as you attempt to retrieve the ancient artifact. The chamber is filled with a blinding flash of light, and you are thrown back by an unseen force. Dazed and disoriented, you realize that the ancient artifact is now out of reach, its power lost to you. Reluctantly, you decide to explore the other exits from the chamber, hoping to find another path forward.",
              "room": "choice_area"
            }
          }
        }
      },
      "image": null
    },
    "ending_success": {
      "description": "You stand in the heart of the abyss, surrounded by the scattered artifacts and the remnants of the rituals you've just performed. The air is still and silent, the malevolent chanting and otherworldly howls that had filled the chamber just moments ago now gone, banished along with the ancient evil you've faced. As you take in your surroundings, you can't help but feel a sense of awe and disbelief at what you've accomplished. Against all odds, you have delved into the depths of the abyss and confronted a malignant force that should have remained undisturbed, and you've emerged victorious. The abyss's secrets are now yours to uncover, and you know that the experience has left an indelible mark upon your psyche, a reminder of the terrible price that comes with delving too deeply into the mysteries of the ancient world. With renewed determination, you set out to explore the abyss's depths, guided by the ancient artifact's power.",
      "exits": {},
      "image": null
    },
    "ending_failure": {
      "description": "You find yourself adrift in a realm of nightmares, a twisted landscape of impossible geometries and eldritch horrors that defy comprehension. The malevolent entity you sought to banish has claimed you as its prize, dragging you into the depths of its unholy domain. As you struggle to make sense of your surroundings, you catch glimpses of your team, their faces contorted in expressions of abject terror and madness. Some have succumbed to the entity's malignant influence, their minds shattered by the profane truths they've witnessed, while others cling desperately to the last vestiges of their sanity. You try to call out to them, but your voice is swallowed by the oppressive silence that hangs over this nightmarish realm. The entity's presence is everywhere and nowhere, a pervasive force that seems to seep into your very being, whispering blasphemous secrets and sowing the seeds of madness. As time loses all meaning, and the boundaries between reality and nightmare blur, you can feel your grip on sanity slipping away, the weight of the entity's malign influence slowly crushing your mind and soul. In your darkest moments, you wonder if this is to be your eternal fate, trapped forever in a realm of torment and madness, a punishment for daring to delve too deeply into secrets best left undisturbed. But even as the last flickering embers of hope begin to fade, you cling to the memory of the world you've left behind, a reminder that no matter how deep the darkness, there is always a glimmer of light to guide you home. And so you fight on, your spirit unbroken, determined to one day find a way to escape this nightmare and return to the world of the living, no matter the cost.",
      "exits": {},
      "image": null
    },
    "ending_escape": {
      "description": "You stand at the edge of the abyss's grounds, the imposing facade now sealed and seemingly impregnable. The weight of your narrow escape hangs heavy upon you, a sobering reminder of the terrible price that comes with delving too deeply into the mysteries of the ancient world. As you turn to make your way back to the safety of your village, you can't help but feel a sense of disappointment mingled with relief. The secrets of the abyss you sought to unravel will remain buried for now, their mysteries left unexplored and their knowledge untapped. But you also know that you have glimpsed into the abyss, and though you've emerged unscathed, the experience has left an indelible mark upon your psyche. You've witnessed horrors that defy comprehension, and you've faced a malevolent force that should have remained undisturbed, an ancient evil that has left a lingering taint upon your very soul. As you make your way across the grounds, the weight of the abyss's secrets seems to press down upon you with each step, a constant reminder of the fragile veil that separates the world of the living from the realms of the unknown. You vow to return one day, better prepared to face the dangers that lie within the abyss's depths, but for now, you're content to leave the abyss's mysteries undisturbed, a reminder that some secrets are better left buried.",
      "exits": {},
      "image": null
    },
    "end": {
      "description": "Though your quest to explore the abyss has ultimately ended in failure, you can take solace in the knowledge that you gave it your all, pushing yourself to the very limits of your abilities in the face of a foe of unimaginable power and ferocity. The lessons you have learned and the experiences you have gained will undoubtedly shape you into an even stronger and wiser adventurer, better prepared to face the challenges that lie ahead. For now, however, it is time to return to your village, where your bravery and sacrifice will be honored and remembered, even if the ultimate victory eluded you. You may not have uncovered the abyss's secrets this time, but you have planted the seeds of hope, inspiring others to take up the mantle and continue the fight until the abyss's mysteries are finally unraveled, and peace is restored to your land.",
      "exits": {},
      "image": null
    }
  }
}