{
  "name": "The Curse of the Crimson Cutlass",
  "button_color": "#990000",
  "start_room": "driftwood_tavern",
  "rooms": {
    "driftwood_tavern": {
      "description": "You find yourself in the Driftwood Tavern, a notorious watering hole for pirates and scoundrels. The air is thick with the scent of rum and the sound of raucous laughter. As you navigate through the crowded tables, you overhear whispers of a legendary treasure - the Crimson Cutlass, a cursed blade said to grant immense power to whoever wields it. The catch? It's hidden on a remote island, guarded by untold dangers. Legend has it that the Crimson Cutlass was forged by a dark sorcerer in the depths of the ocean, using the blood of a thousand souls and the tears of a mermaid. Its power is said to be both immense and terrible, capable of controlling the very seas themselves. But the curse that comes with it is just as potent, driving its wielder to madness and despair.",
      "exits": {
        "talk_to_the_bartender": "shady_dealings",
        "join_a_crew": "the_siren's_call",
        "go_alone": "treacherous_tides"
      }
    },
    "shady_dealings": {
      "description": "You approach the bartender, a grizzled old man with a patch over one eye. He leans in close, his breath reeking of rum. 'Aye, I know of the Crimson Cutlass,' he whispers. 'But such knowledge don't come cheap.' He demands a hefty sum of gold in exchange for a faded map that supposedly leads to the treasure. You're not sure if you can trust him, but the lure of the Crimson Cutlass is hard to resist. As you weigh your options, you can't help but notice the other patrons of the tavern watching you with keen interest. Some of them look hopeful, as if they too are seeking the treasure. Others seem more sinister, their eyes filled with greed and malice. You realize that the quest for the Crimson Cutlass will be fraught with danger, both from the island's guardians and from those who would seek to claim the blade for themselves.",
      "exits": {
        "pay_for_the_map": "mysterious_map",
        "steal_the_map": "daring_escape",
        "decline_and_leave": "driftwood_tavern"
      }
    },
    "the_siren's_call": {
      "description": "You decide to join a crew in search of the Crimson Cutlass. The captain, a fierce woman known as the Siren, welcomes you aboard her ship with a wicked grin. As you set sail, you can't shake the feeling that there's more to the Siren than meets the eye. The crew whispers of dark magic and forbidden rituals, but the promise of treasure keeps you bound to your course. The Siren's ship is a formidable vessel, its sails black as night and its hull adorned with the skulls of its enemies. The crew is a motley assortment of cutthroats and brigands, each one more dangerous than the last. But there is a sense of camaraderie among them, a shared purpose that binds them together. As you embark on your journey, you can't help but feel a thrill of excitement at the adventures that lie ahead.",
      "exits": {
        "prove_your_worth": "trial_by_fire",
        "uncover_the_truth": "siren's_secret",
        "jump_ship": "lost_at_sea"
      }
    },
    "treacherous_tides": {
      "description": "You decide to strike out on your own in search of the Crimson Cutlass. You manage to secure a small boat and set sail, the salty wind whipping through your hair. But the sea is a fickle mistress, and soon you find yourself battling raging storms and monstrous waves. As you struggle to keep your boat afloat, you wonder if the treasure is worth the price of your life. The storm seems to have a mind of its own, its fury unrelenting as it batters your small vessel. The waves tower above you, threatening to swallow you whole. You cling to the mast with all your strength, your knuckles white with fear. But you are no stranger to danger, and you refuse to give up. With grit and determination, you fight to stay alive, hoping against hope that you will find the Crimson Cutlass and claim its power for your own.",
      "exits": {
        "push_on": "heart_of_the_storm",
        "seek_shelter": "mysterious_island",
        "turn_back": "return_to_port"
      }
    },
    "mysterious_map": {
      "description": "With the map in hand, you set out to unravel its secrets. The parchment is old and weathered, the ink faded in places. You spend hours poring over its cryptic symbols and obscure landmarks, trying to decipher the path to the Crimson Cutlass. Just as you're about to give up, a hidden message reveals itself - a warning of the terrible curse that lies in wait for any who dare to claim the treasure. The warning sends a shiver down your spine, but you are not one to be deterred by tales of curses and dark magic. You know that the Crimson Cutlass is real, and you are determined to find it. With renewed purpose, you study the map, searching for any clue that might lead you to the island where the blade is hidden. As you delve deeper into the map's secrets, you begin to feel a strange connection to the blade, as if it is calling to you, drawing you closer to its dark embrace.",
      "exits": {
        "heed_the_warning": "cursed_blade",
        "ignore_the_warning": "island_of_bones",
        "seek_help": "the_siren's_call"
      }
    },
    "daring_escape": {
      "description": "In a moment of desperation, you lunge for the map, snatching it from the bartender's grasp. Chaos erupts as patrons realize what you've done. You dash through the tavern, dodging bottles and blades, your heart pounding in your chest. You barely make it out alive, the angry shouts of the bartender and his cronies echoing in your ears. But you have the map, and with it, a chance to claim the Crimson Cutlass for yourself. As you flee the tavern, you can't help but feel a sense of exhilaration. The thrill of the chase, the danger of the unknown - these are the things that drive you, the reasons you became a pirate in the first place. With the map in your possession, you know that the Crimson Cutlass is within your grasp. All you have to do is find the island, brave its dangers, and claim the blade for your own. But you also know that the bartender and his cronies won't give up easily, and that they'll stop at nothing to get the map back. The hunt for the Crimson Cutlass has begun, and there's no turning back now.",
      "exits": {
        "set_sail": "treacherous_tides",
        "seek_allies": "the_siren's_call",
        "examine_the_map": "mysterious_map"
      }
    },
    "trial_by_fire": {
      "description": "The Siren puts you through a series of brutal trials to test your mettle. You wrestle with burly crewmates, cross blades with the ship's best swordsmen, and scale the rigging in the midst of a howling gale. Each challenge pushes you to your limits, but you refuse to back down. The Siren watches you with a calculating eye, and you can't help but feel that she's testing you for a purpose beyond mere treasure hunting. As the trials continue, you begin to realize that the Siren is not just testing your strength and skill, but your loyalty as well. She wants to see if you are truly committed to the quest for the Crimson Cutlass, and if you are willing to do whatever it takes to claim the blade. You know that the other crew members are watching you as well, sizing you up and waiting for any sign of weakness. You can't afford to show any fear or hesitation, not if you want to earn their respect and prove yourself worthy of the Siren's trust.",
      "exits": {
        "confront_the_siren": "siren's_secret",
        "continue_the_quest": "island_of_bones",
        "abandon_the_crew": "lost_at_sea"
      }
    },
    "siren's_secret": {
      "description": "In a moment of trust, the Siren pulls you aside and reveals her true identity. She is a powerful sea witch, bound by an ancient curse to find the Crimson Cutlass and break its spell. She believes that you are the key to her freedom, and offers to share the treasure with you in exchange for your help. You're torn between your loyalty to the crew and the chance to wield the power of the Crimson Cutlass for yourself. The Siren's revelation sends a shockwave through your very being. You had suspected that she was more than just a pirate captain, but you never imagined that she was a sea witch, bound by a curse that has haunted her for centuries. As she tells you her story, you can't help but feel a sense of sympathy for her plight. But you also know that the Crimson Cutlass is a powerful and dangerous artifact, one that could bring untold suffering to those who wield it. The choice you face is not an easy one, but it is one that will determine the course of your life - and the fate of the Siren - forever.",
      "exits": {
        "accept_the_deal": "curse_of_the_deep",
        "refuse_and_warn_the_crew": "mutiny_on_the_tides",
        "keep_the_secret": "island_of_bones"
      }
    },
    "lost_at_sea": {
      "description": "In the dead of night, you steal a lifeboat and slip away from the Siren's ship, determined to escape the madness of the quest for the Crimson Cutlass. But the sea is vast and unforgiving, and soon you find yourself adrift, with no food, no water, and no hope of rescue. As the sun beats down on you and the sharks circle ever closer, you wonder if death would be a kinder fate than the curse of the Crimson Cutlass. Days turn into weeks, and weeks into months. Your body grows weak from hunger and thirst, your mind clouded by despair. You begin to see things that aren't there, to hear voices that whisper dark secrets and twisted lies. The sea, once your home and your refuge, has become your prison, a watery grave that threatens to swallow you whole. And yet, even as you teeter on the brink of madness, you can't help but cling to the hope that somehow, someway, you will find a way to survive - and to break the curse of the Crimson Cutlass once and for all.",
      "exits": {
        "give_in_to_despair": "watery_grave",
        "cling_to_hope": "castaway's_chance"
      }
    },
    "heart_of_the_storm": {
      "description": "You steer your boat into the heart of a raging storm, convinced that the Crimson Cutlass lies on the other side. The wind howls and the waves tower above you, threatening to crush your tiny vessel at any moment. Lightning splits the sky, illuminating the mad grin on your face as you realize that the treasure is within your grasp. But the storm is not your only enemy, and soon you find yourself face to face with the guardians of the Crimson Cutlass. The guardians are fearsome creatures, their bodies twisted and deformed by the dark magic that binds them to the blade. They attack without mercy, their claws and fangs tearing through your defenses as if they were made of paper. You fight back with all your strength, your sword flashing like a silver lightning bolt as you parry their blows and strike back with deadly precision. The storm rages around you, a maelstrom of wind and water that threatens to tear you apart. But you are a pirate, a scourge of the seven seas, and you will not be defeated so easily.",
      "exits": {
        "fight_the_guardians": "blood_in_the_water",
        "race_for_the_treasure": "the_crimson_cutlass",
        "turn_back": "return_to_port"
      }
    },
    "mysterious_island": {
      "description": "You wash up on the shores of a mysterious island, your boat dashed to pieces on the jagged rocks. The island is a wild tangle of jungle and stone, pulsing with an eerie energy that sets your teeth on edge. As you explore, you stumble upon ancient ruins and crumbling statues, all pointing the way to the resting place of the Crimson Cutlass. But you're not alone on the island, and soon you find yourself locked in a desperate race against other treasure hunters. The other treasure hunters are a ruthless lot, willing to do whatever it takes to claim the Crimson Cutlass for themselves. They ambush you in the jungle, attack you in the ruins, and lay traps to ensnare you and slow you down. But you are not without resources, and you use your wits and your cunning to outmaneuver them, to turn their traps against them, and to stay one step ahead in the race to the blade. As you delve deeper into the island's secrets, you begin to realize that the Crimson Cutlass is more than just a legendary treasure - it is a key, a key that unlocks the door to untold power and unimaginable darkness.",
      "exits": {
        "follow_the_clues": "temple_of_the_blade",
        "set_a_trap": "hunter_becomes_hunted",
        "confront_the_other_hunters": "uneasy_alliances"
      }
    },
    "return_to_port": {
      "description": "Battered and weary, you limp back into port, your dreams of treasure and glory shattered. The other pirates mock you for your cowardice, branding you a failure and a disgrace. You drown your sorrows in cheap rum, trying to forget the call of the Crimson Cutlass. But deep down, you know that you'll never be free of its curse until you either claim it or destroy it once and for all. As you nurse your wounds and lick your wounds, you can't help but wonder what went wrong. Was it fate, or was it your own weakness that led you to this point? You know that you can't give up, that you must find a way to redeem yourself and to break the curse of the Crimson Cutlass. But how? And at what cost? The answers to these questions elude you, but you know that you must find them, no matter what the cost.",
      "exits": {}
    },
    "cursed_blade": {
      "description": "You find the Crimson Cutlass, but the moment you take it in hand, you realize the terrible price of its power. The blade is cursed, doomed to corrupt the soul of any who wield it. You feel its dark energy coursing through your veins, twisting your thoughts and desires. You know that you must resist its influence, or risk becoming a monster worse than any you've ever faced. The only way to break the curse is to destroy the blade, but the thought of giving up such power is almost too much to bear. As you struggle with the curse, you begin to see the world in a new light. The lines between good and evil, right and wrong, blur and fade away, replaced by a cold, harsh reality. Power is the only thing that matters, the only thing that can save you from the darkness that threatens to consume you...",
      "exits": {
        "embrace_the_curse": "servant_of_the_blade",
        "destroy_the_blade": "free_of_the_curse"
      }
    },
    "island_of_bones": {
      "description": "You arrive at the Island of Bones, a bleak and desolate place shrouded in an eerie mist. The island is littered with the remains of previous treasure hunters, their bones bleached white by the sun. As you search for the Crimson Cutlass, you're haunted by visions of their final moments, and the terrible fate that awaits you if you fail. But you press on, driven by a mad desire for the power of the cursed blade. The island seems to have a will of its own, a malevolent presence that seeks to thwart your every move. The ground shifts beneath your feet, the mist swirls and thickens, and the very air seems to hum with a dark energy that fills you with dread. But you are not one to be deterred by such things, and you press on, determined to find the Crimson Cutlass and claim its power for your own. As you delve deeper into the island's secrets, you begin to realize that the blade is not just a weapon, but a living thing, a creature born of darkness and blood that hungers for more.",
      "exits": {
        "confront_the_guardian": "the_crimson_cutlass",
        "search_for_clues": "heart_of_the_island",
        "give_up_the_quest": "return_to_port"
      }
    },
    "the_crimson_cutlass": {
      "description": "At last, you stand before the Crimson Cutlass, the cursed blade that has haunted your dreams and driven you to the brink of madness. The blade pulses with an otherworldly energy, its crimson glow casting eerie shadows on the walls of the ancient temple. You reach out to claim your prize, but the moment your fingers close around the hilt, you feel a searing pain in your chest. The blade's curse is upon you, and now you must decide whether to embrace its power or find a way to break free. As you struggle with the curse, you begin to see the world in a new light. The lines between good and evil, right and wrong, blur and fade away, replaced by a cold, harsh reality. Power is the only thing that matters, the only thing that can save you from the darkness that threatens to consume you. But at what cost? Can you really sacrifice your soul, your humanity, for the sake of power? The choice is yours, and yours alone. But choose wisely, for the fate of the world may hang in the balance.",
      "exits": {
        "wield_the_blade": "curse_of_the_deep",
        "seek_a_way_to_break_the_curse": "redemption's_price"
      }
    },
    "mutiny_on_the_tides": {
      "description": "You reveal the Siren's secret to the crew, hoping to turn them against her and claim the Crimson Cutlass for yourself. But the Siren is far more powerful than you realized, and with a wave of her hand, she sends the crew into a frenzy of bloodlust. You find yourself fighting for your life against the very people you once called friends, the deck of the ship slick with blood and seawater. In the chaos, the Siren slips away, leaving you to face the consequences of your betrayal. As you fight for your life, you can't help but wonder if you made the right choice. Was the promise of power and treasure worth the cost of your loyalty and your friendship? You know that the Siren will not rest until she has the Crimson Cutlass, and that she will stop at nothing to get it. The only question is, will you be able to stop her, or will you fall to her dark magic and become another victim of the curse of the Crimson Cutlass?",
      "exits": {
        "fight_to_the_death": "a_captain's_fall",
        "abandon_ship": "lost_at_sea",
        "beg_for_mercy": "siren's_judgment"
      }
    },
    "watery_grave": {
      "description": "Driven mad by thirst and despair, you slip beneath the waves, your lungs filling with seawater as the darkness claims you. As your vision fades, you see the ghostly figure of the Siren looming over you, her eyes filled with a terrible pity. You realize too late that death is not the end, but merely the beginning of an eternity of torment, your soul forever bound to the curse of the Crimson Cutlass. As your life slips away, you can't help but wonder what might have been. What if you had made different choices, taken different paths? Would you have found the Crimson Cutlass, or would you have fallen to its curse like so many before you? The answers to these questions will forever remain a mystery, lost in the depths of the sea, along with your hopes, your dreams, and your very soul. v/n/n The End",
      "exits": {}
    },
    "castaway's_chance": {
      "description": "Just as all hope seems lost, you spot a distant island on the horizon. With the last of your strength, you paddle towards it, fighting against the currents and the burning sun. As you drag yourself onto the sandy shore, you realize that you've been given a second chance - a chance to start over, to leave the curse of the Crimson Cutlass behind and find a new path. But the lure of the treasure is still strong, and you know that you may never truly be free of its call.../n/n The End",
      "exits": {}
    },
    "blood_in_the_water": {
      "description": "You face off against the guardians of the Crimson Cutlass, a horde of monstrous creatures summoned by the power of the cursed blade. The storm rages around you as you fight, your sword flashing in the lightning, your blood mingling with the rain. You're outnumbered and outmatched, but you refuse to back down, driven by a savage determination to claim your prize. In the end, you stand victorious, but the cost is high - your boat is shattered, your body broken, and your mind teetering on the edge of madness. As you survey the carnage, you can't help but wonder if the Crimson Cutlass is truly worth the price you've paid. The guardians were just the beginning, a taste of the horrors that await those who seek the blade. You know that the island is filled with traps and puzzles, with dangers that will test your strength, your wit, and your sanity. But you also know that you can't turn back now, that you must see this quest through to the end, no matter what the cost.",
      "exits": {
        "claim_the_crimson_cutlass": "the_crimson_cutlass",
        "seek_another_path": "mysterious_island"
      }
    },
    "temple_of_the_blade": {
      "description": "Following the clues left by the ancient ruins, you make your way to the Temple of the Blade, a crumbling edifice hidden deep in the heart of the island. The temple is filled with traps and puzzles, designed to test the wit and will of any who seek the Crimson Cutlass. You navigate through a labyrinth of shifting walls and phantom illusions, always one step ahead of the other treasure hunters. But as you enter the final chamber, you realize that the greatest test is yet to come. The final chamber is a vast, echoing space, filled with shadows and whispers. At the far end of the chamber, you see a pedestal, and on that pedestal, the Crimson Cutlass. The blade seems to pulse with a dark energy, a malevolent presence that fills you with dread. You know that to claim the blade, you must face one final challenge, one final test of your strength and your will. But what that challenge is, and what it will cost you, remains to be seen.",
      "exits": {
        "face_the_final_trial": "the_crimson_cutlass",
        "outsmart_the_traps": "a_thief's_gambit"
      }
    },
    "hunter_becomes_hunted": {
      "description": "Knowing that you're not alone on the island, you set a trap for the other treasure hunters, luring them away from the path to the Crimson Cutlass. You use your wits and your knowledge of the jungle to your advantage, picking them off one by one until only you remain. But as you stand over the bodies of your fallen rivals, you realize that the curse of the Crimson Cutlass has already begun to take hold, turning you into the very thing you once hunted. As you make your way deeper into the island, you begin to feel a strange sensation, a creeping darkness that seems to seep into your very bones. You see things that aren't there, hear voices that whisper dark secrets and twisted lies. You know that the curse is taking hold, that it is changing you, transforming you into something else, something monstrous. But you also know that you can't stop now, that you must find the Crimson Cutlass and claim its power for your own, no matter what the cost.",
      "exits": {
        "embrace_your_dark_side": "the_crimson_cutlass",
        "reject_the_curse": "a_pirate's_redemption"
      }
    },
    "uneasy_alliances": {
      "description": "Realizing that you can't find the Crimson Cutlass alone, you seek out the other treasure hunters, hoping to form an alliance. You're all wary of each other at first, knowing that any one of you would betray the others for a chance at the treasure. But as you work together to decipher the clues and overcome the island's dangers, a grudging respect begins to form. You start to wonder if there might be a way to break the curse of the Crimson Cutlass and share its power, rather than letting it destroy you all. As you delve deeper into the island's secrets, you begin to uncover a dark conspiracy, a plot that threatens not just the island, but the entire world. You realize that the Crimson Cutlass is more than just a legendary treasure - it is a weapon, a weapon that could bring untold suffering and destruction to those who wield it. The choice you face is not an easy one, but it is one that will determine the fate of the world - and the fate of your very soul.",
      "exits": {
        "betray_your_allies": "no_honor_among_thieves",
        "stay_true_to_your_word": "a_pirate's_bond"
      }
    },
    "servant_of_the_blade": {
      "description": "You embrace the curse of the Crimson Cutlass, allowing its dark power to consume you utterly. You become a creature of pure malice, your eyes glowing with an unholy red light, your voice echoing with the screams of a thousand damned souls. You set out to conquer the seas, your cursed blade carving a path of blood and destruction wherever you go. The world trembles before you, and even the gods themselves whisper your name in fear. But deep down, you know that you're no longer truly alive, that you've sacrificed your soul, your humanity, for the sake of power.../n/n The End",
      "exits": {}
    }
  }
}
