{
"name": "Echoes of the Enchanted Woods",
"button_color": "#007700",
"start_room": "mysterious_clearing",
"rooms": {
"mysterious_clearing": {
"description": "Sunlight filters through the dense foliage, casting a golden hue over the moss-covered ground. A sense of enchantment hangs in the air, drawing you deeper into the woods. Where will your journey begin?",
"exits": {
"follow_the_path": "enchanted_glade",
"explore_the_cave": "shadowy_depths"
}
},
"enchanted_glade": {
"description": "The path leads you to an enchanted glade, where flowers bloom in vivid colors and butterflies dance in the gentle breeze. A feeling of peace washes over you, but a distant sound catches your attention.",
"exits": {
"listen_closely": "whispering_brook",
"explore_further": "enchanted_statue"
}
},
"shadowy_depths": {
"description": "Entering the cave, you find yourself in shadowy depths filled with mystery. Strange symbols adorn the walls, glowing softly in the dim light. A chill runs down your spine, urging you to proceed with caution.",
"exits": {
"investigate_symbols": "ancient_altar",
"return_to_clearing": "mysterious_clearing"
}
},
"whispering_brook": {
"description": "As you listen closely, you hear the gentle murmur of a brook nearby. Following the sound, you discover a shimmering stream winding its way through the glade. But something seems amiss, as if the forest itself is trying to tell you something.",
"exits": {
"follow_the_stream": "lost_grove",
"heed_the_warning": "enchanted_glade"
}
},
"enchanted_statue": {
"description": "In the heart of the glade stands a majestic statue, its features weathered by time. As you approach, you sense a powerful presence emanating from the stone figure. It seems to be guarding something of great importance.",
"exits": {
"offer_a_gift": "guarded_treasure",
"continue_exploring": "enchanted_glade"
}
},
"ancient_altar": {
"description": "The symbols on the walls of the cave lead you to an ancient altar, where a mysterious energy pulses in the air. You feel a connection to something ancient and powerful, beckoning you to unlock its secrets.",
"exits": {
"channel_the_energy": "forbidden_chamber",
"leave_the_altar": "shadowy_depths"
}
},
"lost_grove": {
"description": "Following the stream, you stumble upon a lost grove hidden deep within the forest. The trees whisper secrets of ages past, and the air hums with magic. But a sense of foreboding hangs heavy in the air, warning you of danger ahead.",
"exits": {
"explore_the_grove": "cursed_temple",
"heed_the_warning": "whispering_brook"
}
},
"guarded_treasure": {
"description": "You offer a gift to the enchanted statue, and in return, it reveals a hidden treasure buried beneath the glade. But as you reach for the treasure, you sense a presence watching you, guarding its precious hoard.",
"exits": {
"attempt_to_take_treasure": "guardian_spirit",
"leave_the_treasure": "enchanted_statue"
}
},
"forbidden_chamber": {
"description": "Channeling the energy of the altar, you unlock a forbidden chamber hidden within the cave. Inside, you find ancient artifacts and arcane knowledge long forgotten. But with great power comes great peril, as dark forces stir in the depths.",
"exits": {
"claim_the_power": "dark_confrontation",
"heed_the_warning": "ancient_altar"
}
},
"cursed_temple": {
"description": "Exploring the grove, you stumble upon a cursed temple overrun by dark magic. Shadows dance in the corners, and whispers fill the air, urging you to turn back before it's too late. But something compels you to press on, driven by curiosity or perhaps folly.",
"exits": {
"banish_the_darkness": "final_showdown",
"retreat_to_safety": "lost_grove"
}
},
"guardian_spirit": {
"description": "As you attempt to take the treasure, a guardian spirit emerges from the shadows, its eyes blazing with fury. You must face the spirit in a battle of wills, proving yourself worthy of the treasure's protection.",
"exits": {
"defeat_the_spirit": "triumphant_victory",
"yield_to_the_spirit": "guarded_treasure"
}
},
"dark_confrontation": {
"description": "Claiming the power of the forbidden chamber, you face a dark confrontation with the forces that seek to corrupt the forest. Shadows coil around you, threatening to consume your very soul. Will you emerge victorious, or become another victim of the darkness?",
"exits": {
"vanquish_the_darkness": "ultimate_triumph",
"succumb_to_the_shadows": "forbidden_chamber"
}
},
"final_showdown": {
"description": "As you confront the darkness within the cursed temple, you unleash the full extent of your power. Light clashes with shadow, and the fate of the forest hangs in the balance. In this final showdown, only one will emerge victorious.",
"exits": {
"banish_the_darkness": "triumphant_victory",
"fall_to_the_shadow": "cursed_temple"
}
},
"triumphant_victory": {
"description": "With the darkness banished and the forest restored, you emerge victorious from your trials. The enchanted woods echo with the sound of your triumph, and the creatures of the forest celebrate your bravery. But the whispers of the woods remind you that your journey is far from over, and new adventures await.",
"exits": {}
},
"ultimate_triumph": {
"description": "In a blaze of light, you vanquish the darkness once and for all, restoring balance to the forest. The enchanted woods sing with joy as the shadows retreat, and you stand as a true champion of the forest. But as the echoes of battle fade, you wonder what new challenges lie ahead, for the woods are vast and full of mysteries.",
"exits": {}
}
}
}






