{
"name": "Echoes of the Machine",
"button_color": "#dd3333",
"start_room": "forgotten_city",
"rooms": {
"forgotten_city": {
"description": "You awaken amidst the crumbling ruins of a colossal city, overgrown with vegetation and shrouded in mist.  Enormous, metallic structures pierce the sky, their surfaces etched with strange symbols. A faint hum pulses through the air.  What happened here?",
"exits": {
"investigate_structures": "metallic_structures",
"follow_hum": "source_of_hum"
}
},
"metallic_structures": {
"description": "Venturing closer to the metallic structures, you discover they are unlike anything you’ve ever seen. The metal is smooth and cool to the touch, yet seems to shimmer with an inner light. As you trace the symbols etched on the surface, a panel slides open, revealing a holographic interface.",
"exits": {
"activate_interface": "holographic_message",
"leave_structures": "forgotten_city"
}
},
"source_of_hum": {
"description": "Following the faint hum deeper into the city, you arrive at a colossal machine, its gears turning slowly and rhythmically. Strange energy flows through intricate tubes that snake around its metallic frame.  A soft, ethereal glow emanates from its core.",
"exits": {
"touch_machine": "machine_awakens",
"avoid_machine": "forgotten_city"
}
},
"holographic_message": {
"description": "You cautiously activate the holographic interface. A spectral figure flickers to life, its form composed of swirling energy. 'Greetings, traveler,' it booms in a voice that resonates through your bones. 'We are the Ancients. This city was our home, our legacy.  A cataclysm forced us to ascend to a higher plane of existence. But a threat lingers…'",
"exits": {
"learn_more": "ancient_threat",
"deactivate_interface": "metallic_structures"
}
},
"ancient_threat": {
"description": "The spectral figure continues, 'A malevolent entity known as the Devourer seeks to consume all existence. We sealed it within the machine, but our power wanes.  You must help us defeat it.'",
"exits": {
"accept_quest": "prepare_for_battle",
"refuse_quest": "holographic_message"
}
},
"machine_awakens": {
"description":  "As you touch the machine, a surge of energy courses through you. The machine whirls to life, gears grinding and lights flaring.  A colossal holographic warrior materializes before you, its form composed of pure energy. 'I await your command,' it booms.",
"exits": {
"confront_devourer": "battle_ground",
"disengage_machine": "source_of_hum"
}
},
"prepare_for_battle": {
"description": "The spectral figure guides you through the forgotten city, gathering ancient technology and forgotten knowledge. You train with the holographic warrior, honing your skills for the coming battle.",
"exits": {
"enter_battleground": "battle_ground",
"doubt_mission": "ancient_threat"
}
},
"battle_ground": {
"description": "You stand upon a desolate plain, the Devourer looming before you, a creature of swirling darkness and insatiable hunger. The holographic warrior stands by your side. The fate of existence hangs in the balance.",
"exits": {
"fight_devourer": "epic_battle",
"flee_devourer": "forgotten_city"
}
},
"epic_battle": {
"description": "In a clash of light and darkness, you and the holographic warrior confront the Devourer. The battle rages, shaking the very foundations of the world.  You fight with courage and skill, drawing upon the knowledge of the Ancients.",
"exits": {
"defeat_devourer": "vanquished_evil",
"fall_in_battle": "forgotten_city"
}
},
"vanquished_evil": {
"description": "With a final, resounding blow, you and the holographic warrior vanquish the Devourer. Its form dissolves into nothingness, and a wave of peace washes over the land. The spectral figure appears, a look of gratitude etched on its face. 'You have saved existence, traveler.  The gratitude of the Ancients is yours forever.'",
"exits": {}
},
"fall_in_battle": {
"description": "The Devourer overpowers you, its darkness consuming your light.  As your vision fades, you hear the triumphant screech of the creature echo through the desolate plains.  But a flicker of hope remains.  The spectral figure charges the fallen holographic warrior, imbuing it with its remaining energy.  With a surge of renewed power, the warrior confronts the Devourer in a final, desperate battle.",
"exits": {
"witness_final_stand": "heroic_sacrifice",
"fade_into_darkness": "devoured_ending"
}
},
"heroic_sacrifice": {
"description": "You watch, helpless, as the holographic warrior clashes with the Devourer.  The battle is fierce, but the warrior is fueled by the spirit of the Ancients.  In a blinding flash of light, the warrior destroys the Devourer, sacrificing itself in the process.  Peace returns to the land, but at a heavy cost.  The spectral figure appears beside you, a somber expression on its face. 'Your sacrifice will not be forgotten, traveler.  The spirit of the warrior lives on within the city, a guardian for all time.'",
"exits": {}
},
"devoured_ending": {
"description":  "The darkness claims you, and you become one with the Devourer's infinite hunger.  The world is plunged into eternal night as the creature consumes all existence.  The spectral figure lets out a cry of despair, its form dissolving into nothingness.  The echoes of the machine mark the only reminder of a world that once thrived.",
"exits": {}
  }
 }
}