{
    "name": "The Crimson Shadow",
    "button_color": "#1E1E1E",
    "start_room": "detective's_office",
    "rooms": {
        "detective's_office": {
            "description": "The fan on the ceiling spins lazily, barely disturbing the thick cigarette smoke that hangs in the air. I lean back in my chair, nursing a whiskey and contemplating the case that's been haunting me for weeks. The Crimson Shadow, they call him. A killer who strikes from the darkness, leaving no trace but a trail of blood and broken hearts.",
            "exits": {
                "hit_the_streets": "city_streets",
                "visit_the_crime_scene": "victim's_apartment",
                "interview_the_witness": "seedy_bar"
            }
        },
        "city_streets": {
            "description": "The city's a jungle, all right. A concrete jungle filled with predators and prey. I walk the rain-slicked streets, my fedora pulled low over my eyes, searching for any sign of the Crimson Shadow. The neon signs flicker and buzz, casting eerie shadows on the faces of the passersby.",
            "exits": {
                "chase_a_lead": "abandoned_warehouse",
                "visit_the_informant": "back_alley",
                "return_to_office": "detective's_office"
            }
        },
        "victim's_apartment": {
            "description": "The victim's apartment is a mess. Overturned furniture, shattered glass, and the coppery scent of blood. I search through the chaos, looking for any clue that might lead me to the killer. A crumpled photograph catches my eye - a beautiful woman with haunted eyes. The victim's lover, perhaps? Or something more sinister?",
            "exits": {
                "dust_for_fingerprints": "hidden_room",
                "analyze_the_photograph": "photography_studio",
                "return_to_office": "detective's_office"
            }
        },
        "seedy_bar": {
            "description": "The bar's a dive, but it's the kind of place where people talk. I slide onto a stool and order a shot of rye, scanning the room for the witness. She's a dame with curves like a switchblade and eyes that could cut glass. She knows something, but getting her to talk won't be easy.",
            "exits": {
                "buy_her_a_drink": "private_room",
                "pressure_her_for_information": "back_alley",
                "tail_her_when_she_leaves": "city_streets"
            }
        },
        "abandoned_warehouse": {
            "description": "The warehouse looms before me, a hulking shadow against the night sky. My lead has brought me here, but I can feel the danger lurking in every corner. I draw my gun and step inside, the echoes of my footsteps mingling with the scurrying of rats.",
            "exits": {
                "search_for_clues": "hidden_room",
                "confront_the_suspect": "rooftop",
                "set_up_an_ambush": "city_streets"
            }
        },
        "back_alley": {
            "description": "The alley's a dead end, in more ways than one. My informant lies slumped against the wall, a bullet in his chest and a look of surprise frozen on his face. I search his pockets, hoping for a clue, but all I find is a cryptic note scrawled in blood: 'The Crimson Shadow strikes at midnight.'",
            "exits": {
                "decipher_the_note": "clocktower",
                "return_to_office": "detective's_office",
                "hit_the_streets": "city_streets"
            }
        },
        "photography_studio": {
            "description": "The photography studio's a front, but for what? I rifle through the files, my eyes drawn to a stack of photographs hidden in a drawer. Each one shows a different victim, their faces contorted in fear. And in the background of each shot, a shadowy figure lurks. The Crimson Shadow.",
            "exits": {
                "confront_the_photographer": "darkroom",
                "search_for_more_clues": "hidden_room",
                "call_for_backup": "detective's_office"
            }
        },
        "private_room": {
            "description": "The private room's a trap. I realize it too late, as the door swings shut behind me and I hear the click of a gun being cocked. The dame from the bar smiles, but there's no warmth in it. 'You should've left well enough alone, detective,' she purrs. 'The Crimson Shadow doesn't like loose ends.'",
            "exits": {
                "fight_my_way_out": "city_streets",
                "try_to_reason_with_her": "seedy_bar",
                "look_for_an_escape_route": "back_alley"
            }
        },
        "rooftop": {
            "description": "The city stretches out before me, a glittering maze of lights and shadows. I'm not alone. The Crimson Shadow stands at the edge of the roof, his face hidden beneath a blood-red mask. 'You've caused me a lot of trouble, detective,' he snarls. 'But it ends tonight.'",
            "exits": {
                "engage_in_hand-to-hand_combat": "final_confrontation",
                "try_to_unmask_him": "killer's_identity",
                "lure_him_into_a_trap": "abandoned_warehouse"
            }
        },
        "clocktower": {
            "description": "The clocktower looms above the city, a silent sentinel. I race up the stairs, my heart pounding in my chest. I know I'm walking into a trap, but I have no choice. The Crimson Shadow's final victim is here, and I'm the only one who can save them.",
            "exits": {
                "confront_the_killer": "final_confrontation",
                "search_for_the_victim": "hostage_situation",
                "call_for_backup": "city_streets"
            }
        },
        "darkroom": {
            "description": "The darkroom's a twisted shrine to the Crimson Shadow's madness. The walls are lined with photographs of his victims, each one more brutal than the last. And at the center of it all, the photographer himself, a man with a face like a skull and eyes that gleam with madness.",
            "exits": {
                "subdue_the_photographer": "police_station",
                "search_for_evidence": "photography_studio",
                "chase_the_real_killer": "city_streets"
            }
        },
        "hidden_room": {
            "description": "The hidden room's a vault of secrets, filled with files and photographs that could bring down an empire. I rifle through the papers, my mind reeling with the implications. The Crimson Shadow's not a lone killer, but the tip of a much larger iceberg. A conspiracy that goes all the way to the top.",
            "exits": {
                "gather_the_evidence": "police_station",
                "confront_the_mastermind": "killer's_lair",
                "get_the_story_out": "press_office"
            }
        },
        "final_confrontation": {
            "description": "The final confrontation's a blur of fists and bullets. The Crimson Shadow's a formidable foe, but I've got justice on my side. We battle across the rooftops and through the streets, leaving a trail of destruction in our wake. In the end, I emerge victorious, the killer's mask clutched in my bloody hands.",
            "exits": {
                "turn_him_in": "police_station",
                "uncover_the_truth": "killer's_identity",
                "walk_away": "city_streets"
            }
        },
        "hostage_situation": {
            "description": "I find the victim bound and gagged, a ticking bomb strapped to their chest. The Crimson Shadow's last sick game. I work frantically to disarm the device, my fingers trembling with fear and adrenaline. Just as the timer hits zero, I cut the final wire. The bomb falls silent, and the victim sobs with relief.",
            "exits": {
                "get_them_to_safety": "police_station",
                "question_them": "detective's_office",
                "search_for_the_killer": "rooftop"
            }
        },
        "police_station": {
            "description": "I limp into the police station, my body battered but my spirit unbroken. I've got the evidence I need to bring down the Crimson Shadow and his twisted conspiracy. The chief looks up from his desk, his eyes widening as he takes in my haggard appearance. 'You'd better have a damn good story, detective,' he growls.",
            "exits": {
                "give_full_report": "case_closed",
                "hold_back_information": "lone_wolf",
                "resign_from_the_force": "new_beginning"
            }
        },
        "killer's_identity": {
            "description": "I unmask the Crimson Shadow, and my world shatters. It's someone I know, someone I trusted. A fellow detective, a friend, a lover. They stare at me with eyes full of madness and betrayal, and I feel my heart break into a thousand pieces. I know I'll never be the same again.",
            "exits": {
                "bring_them_to_justice": "bittersweet_victory",
                "let_them_go": "haunted",
                "seek_answers": "tangled_web"
            }
        },
        "press_office": {
            "description": "I burst into the press office, a stack of evidence clutched in my shaking hands. I know I'm taking a risk, but the people deserve the truth. The reporters clamor around me, their cameras flashing and their questions flying. I take a deep breath and begin to tell my story, the story of the Crimson Shadow and the conspiracy that nearly destroyed the city.",
            "exits": {
                "expose_the_truth": "media_frenzy",
                "protect_the_innocent": "cover-up",
                "disappear": "fresh_start"
            }
        },
        "killer's_lair": {
            "description": "The killer's lair's a twisted maze of tunnels and chambers, each one more horrifying than the last. I navigate the labyrinth, my gun at the ready, until I reach the heart of the operation. The mastermind behind the Crimson Shadow sits before me, a smile playing across their lips. 'You've done well, detective,' they say. 'But you're too late. The game's already won.'",
            "exits": {
                "take_them_down": "pyrrhic_victory",
                "make_a_deal": "uneasy_truce",
                "unravel_the_conspiracy": "tangled_web"
            }
        },
        "case_closed": {
            "description": "The case is closed, the Crimson Shadow's reign of terror finally at an end. I sit at my desk, a glass of whiskey in my hand, and contemplate the cost of justice. The scars on my body will heal, but the scars on my soul will linger forever. I've seen the darkness that lurks in the hearts of men, and I know I'll never be the same. But I also know that as long as there are people like me, willing to fight for what's right, the city will endure. And so will I.",
            "exits": {}
        },
        "lone_wolf": {
            "description": "I hold back the full truth, knowing that some secrets are too dangerous to reveal. I've become a lone wolf, a vigilante operating outside the law. I stalk the streets at night, my gun and my wits my only companions, seeking out the darkness and bringing it to light. It's a lonely life, but it's the only one I know. The only one that makes sense in a world gone mad.",
            "exits": {}
        },
        "new_beginning": {
            "description": "I turn in my badge and my gun, my days as a detective finally at an end. I've seen too much, lost too much, to continue down this path. I pack my bags and leave the city, heading for a place where the shadows are just shadows and the blood on my hands can finally be washed clean. It's time for a new beginning, a fresh start. A chance to find out who I am without the weight of the past dragging me down.",
            "exits": {}
        },
        "bittersweet_victory": {
            "description": "Justice is served, but the victory tastes like ashes in my mouth. I've brought down the Crimson Shadow, but at what cost? My relationship is shattered, my faith in the system forever tarnished. I walk away from the courthouse, my head held high but my heart heavy with grief. I know I did the right thing, but I can't help wondering if it was worth the price I paid.",
            "exits": {}
        },
        "haunted": {
            "description": "I let the killer go, unable to bring myself to destroy the person I once loved. But their betrayal haunts me, a shadow that follows me wherever I go. I see their face in every criminal I hunt, hear their voice in every scream in the night. I'm a broken man, a shell of my former self. But I can't stop, can't rest, until I find a way to make things right. Even if it means losing myself in the process.",
            "exits": {}
        },
        "tangled_web": {
            "description": "The conspiracy runs deeper than I ever imagined, a tangled web of lies and deceit that stretches across the city. I follow the threads, unraveling the mystery one clue at a time, but each answer only leads to more questions. I'm in over my head, but I can't turn back now. I have to see this through to the end, no matter where it takes me. Even if it means confronting truths I'm not ready to face.",
            "exits": {}
        },
        "media_frenzy": {
            "description": "The story hits the front page, and the city erupts in chaos. The people demand answers, demand justice, and I'm the one who gave it to them. But the price of truth is high, and I soon find myself in the crosshairs of some very powerful enemies. I go underground, using every trick I know to stay one step ahead of the people who want me dead. It's a dangerous game, but it's one I know how to play. And I won't stop until the whole sordid tale is told, no matter who tries to stop me.",
            "exits": {}
        },
        "cover-up": {
            "description": "I bury the evidence, knowing that the truth would do more harm than good. The city needs stability, needs to believe that the system works. And so I become part of the cover-up, a silent guardian working in the shadows to keep the peace. It's not the life I wanted, but it's the one I've chosen. And I'll carry the burden of my secrets to the grave, knowing that some truths are better left buried.",
            "exits": {}
        },
        "fresh_start": {
            "description": "I leave the city behind, the weight of my sins too heavy to bear. I change my name, my face, my whole identity, and start a new life somewhere else. Somewhere where the shadows are just shadows and the past can't find me. It's a chance to begin again, to be someone new. But deep down, I know I can never truly escape the darkness I've seen, the horrors I've faced. They'll always be a part of me, no matter how far I run.",
            "exits": {}
        },
        "pyrrhic_victory": {
            "description": "I take down the mastermind, but the cost is high. The city's in ruins, the body count astronomical. And I'm left standing in the ashes, wondering if it was all worth it. I've won the battle, but lost the war. And as I watch the smoke rise over the shattered remains of my life, I can't help but feel that the real victory belongs to the shadows.",
            "exits": {}
        },
        "uneasy_truce": {
            "description": "I make a deal with the devil, trading my silence for their surrender. The Crimson Shadow's operation is dismantled, but the mastermind remains free, a ticking time bomb waiting to explode. It's an uneasy truce, a fragile peace that could shatter at any moment. But it's the only choice I have, the only way to keep the city from tearing itself apart. And so I shake their hand and walk away, knowing that someday, I'll have to finish what I started.  And just like that, I'm back in the game. Another mystery to solve, another monster to slay. It's a thankless job, but somebody's got to do it. And for better or worse, that somebody is me. The city's dark avenger, the shadow's worst nightmare. They call me the detective. And I've got work to do."
        },
        "tangled_web": {
            "description": "The conspiracy runs deeper than I ever imagined, a tangled web of lies and deceit that stretches across the city. I follow the threads, unraveling the mystery one clue at a time, but each answer only leads to more questions. I'm in over my head, but I can't turn back now. I have to see this through to the end, no matter where it takes me. Even if it means confronting truths I'm not ready to face.",
            "exits": {}
        },
        "media_frenzy": {
            "description": "The story hits the front page, and the city erupts in chaos. The people demand answers, demand justice, and I'm the one who gave it to them. But the price of truth is high, and I soon find myself in the crosshairs of some very powerful enemies. I go underground, using every trick I know to stay one step ahead of the people who want me dead. It's a dangerous game, but it's one I know how to play. And I won't stop until the whole sordid tale is told, no matter who tries to stop me.",
            "exits": {}
        },
        "cover-up": {
            "description": "I bury the evidence, knowing that the truth would do more harm than good. The city needs stability, needs to believe that the system works. And so I become part of the cover-up, a silent guardian working in the shadows to keep the peace. It's not the life I wanted, but it's the one I've chosen. And I'll carry the burden of my secrets to the grave, knowing that some truths are better left buried.",
            "exits": {}
        },
        "fresh_start": {
            "description": "I leave the city behind, the weight of my sins too heavy to bear. I change my name, my face, my whole identity, and start a new life somewhere else. Somewhere where the shadows are just shadows and the past can't find me. It's a chance to begin again, to be someone new. But deep down, I know I can never truly escape the darkness I've seen, the horrors I've faced. They'll always be a part of me, no matter how far I run.",
            "exits": {}
        },
        "pyrrhic_victory": {
            "description": "I take down the mastermind, but the cost is high. The city's in ruins, the body count astronomical. And I'm left standing in the ashes, wondering if it was all worth it. I've won the battle, but lost the war. And as I watch the smoke rise over the shattered remains of my life, I can't help but feel that the real victory belongs to the shadows.",
            "exits": {}
        }
    }
}