{
  "name": "The Forgotten Temple",
  "button_color": "#8B4513",
  "start_room": "temple_entrance",
  "rooms": {
    "temple_entrance": {
      "description": "You stand before the crumbling entrance of an ancient temple, overgrown with vines and foliage that seem to grasp at your feet, as if trying to ensnare you within their verdant embrace. Legend speaks of a powerful artifact hidden within, but many have perished in pursuit of its secrets, their bones now intermingled with the roots that wind through the earth. \\n\\nThe air is thick with a sense of foreboding, and you can almost feel the weight of the temple's history bearing down upon you. The cracked and weathered stones seem to whisper tales of forgotten civilizations and eldritch horrors that once prowled these halls, their malevolent whispers carried on the stale wind that drifts through the ruins. \\n\\nAs you gaze upon the temple's imposing facade, you can't help but wonder what secrets lie within its depths, and whether the artifact's power is worth the risks you may face. The choice is yours – will you brave the dangers that lurk ahead, or turn back now while you still can?",
      "exits": {
        "enter_the_temple": "main_chamber",
        "turn_back": null
      }
    },
    "main_chamber": {
      "description": "The main chamber of the temple is vast and dimly lit, with towering columns and intricate carvings adorning the walls. A sense of foreboding fills the air, as if the temple itself is watching your every move, waiting for you to falter so it can claim you as its latest victim. \\n\\nDust motes dance in the faint beams of light that filter through the cracks in the ceiling, casting eerie shadows across the chamber. You must roll for a saving throw to resist the oppressive atmosphere and maintain your composure. The sound of your own heartbeat echoes in your ears, amplifying the unsettling silence that permeates the chamber, punctuated only by the occasional skittering of unseen creatures in the shadows. \\n\\nAs you take in your surroundings, you notice that the carvings on the walls seem to depict scenes of ritual sacrifice and unspeakable horrors, their intricate details a chilling reminder of the temple's dark past. The air carries a faint, acrid scent that stings your nostrils, and you can't help but wonder what horrors transpired within these ancient walls.",
      "exits": {
        "explore_the_east_wing": "east_wing",
        "investigate_the_central_dais": "central_dais"
      }
    },
    "east_wing": {
      "description": "The east wing of the temple is a maze of narrow corridors and small chambers, each one more unsettling than the last. The sound of dripping water echoes through the halls, a constant reminder of the slow erosion that has been gnawing at the temple's foundations for centuries. You catch glimpses of strange markings etched into the walls, their meanings long since lost to the sands of time. \\n\\nThe air is stale and oppressive, and you can't shake the feeling that you're being watched by unseen eyes, as if the very stones themselves are sentient and observing your every move. You must roll for a saving throw to overcome the creeping dread that threatens to overwhelm you. The shadows seem to shift and writhe in the corners of your vision, driving you ever closer to the brink of madness. \\n\\nAs you delve deeper into the wing, you notice that the markings on the walls become more intricate and disturbing, depicting grotesque figures and arcane symbols that send shivers down your spine. You can't help but wonder what sort of dark rituals were once performed in these chambers, and whether the temple's secrets are better left undisturbed.",
      "exits": {
        "search_for_clues": {
          "skill_check": {
            "dice_type": "1d20",
            "target": 14,
            "success": {
              "description": "You discover an ancient map, etched into the stone wall, that reveals the location of a hidden passage. The map is adorned with intricate symbols and glyphs, hinting at the temple's dark secrets. \\n\\nA sense of hope flickers to life within you, as you realize that you may have found the key to unlocking the temple's mysteries. However, as you study the map more closely, you can't help but feel a sense of unease, as if the mere act of gazing upon its arcane markings has awakened something deep within the temple's halls. \\n\\nYou must steel your resolve and decide whether to continue down this perilous path or turn back while you still can.",
              "room": "hidden_passage"
            },
            "failure": {
              "description": "Despite your efforts, you find nothing of significance in the east wing. The endless maze of corridors and chambers only serves to fuel your growing unease, as the oppressive atmosphere seems to close in around you like a vice. \\n\\nYou must roll for a saving throw to resist the temptation to turn back, as the weight of the temple's oppressive atmosphere threatens to crush your resolve. As you contemplate your next move, you can't help but feel as though you're being watched, the walls themselves seeming to shift and contort in the flickering torchlight. \\n\\nYou can either continue your search for clues or retreat to the relative safety of the main chamber, but you can't shake the feeling that you're running out of time.",
              "room": "main_chamber"
            }
          }
        },
        "return_to_main_chamber": "main_chamber"
      }
    },
    "central_dais": {
      "description": "The central dais is a raised platform adorned with intricate carvings and symbols that seem to writhe and shift before your eyes, as if imbued with an otherworldly energy. A sense of power radiates from the dais, and you feel an overwhelming urge to touch it, as if drawn by some ancient force that transcends mortal comprehension. \\n\\nThe air crackles with energy, and the hairs on the back of your neck stand on end. You must roll for a saving throw to resist the dais's alluring pull, lest you succumb to its seductive influence and lose yourself forever to the temple's dark embrace. \\n\\nAs you gaze upon the dais, you can't help but feel as though you're being judged by some unseen entity, as if the temple itself is weighing your worth and deciding whether you are worthy of the knowledge it guards. The carvings on the dais depict scenes of cosmic horror and beings of unfathomable power, their alien forms twisting and contorting in ways that defy the laws of physics.",
      "exits": {
        "touch_the_dais": {
          "skill_check": {
            "dice_type": "1d20",
            "target": 18,
            "success": {
              "description": "As you touch the dais, a vision of the temple's past is revealed to you, showing the way to the hidden artifact. You see glimpses of ancient rituals and powerful beings that once walked these halls, their secrets etched into the very stones. \\n\\nWith newfound knowledge, you feel a renewed sense of purpose and determination. The weight of the temple's history settles upon your shoulders, but you bear it with resolve, driven by the promise of uncovering the artifact's secrets. \\n\\nHowever, as the visions fade, you can't help but feel a sense of dread creeping into your mind, as if you've glimpsed something that mortals were never meant to see. The fabric of reality seems to warp and distort around you, and you must roll for a saving throw to maintain your grasp on sanity.",
              "room": "artifact_chamber"
            },
            "failure": {
              "description": "A powerful force repels you from the dais, leaving you disoriented and weakened. You feel as though you've glimpsed something your mortal mind was never meant to comprehend, and the experience leaves you shaken to your core. \\n\\nYou must roll for a saving throw to regain your senses and continue your quest, lest the temple's dark secrets consume you entirely. As you struggle to regain your composure, you catch a fleeting glimpse of something lurking in the shadows, its form shifting and contorting in ways that defy the laws of physics. \\n\\nFor a brief moment, you question whether you've made a terrible mistake in delving into the temple's depths, but the lure of the artifact's power is too strong to ignore. You must press on, if you have any hope of escaping this place with your sanity intact.",
              "room": "main_chamber"
            }
          }
        },
        "leave_the_dais": "main_chamber"
      }
    },
    "hidden_passage": {
      "description": "The hidden passage is a narrow, winding tunnel that seems to stretch endlessly into the depths of the temple. The air is stale and oppressive, carrying with it the scent of ancient decay and forgotten horrors. Strange markings adorn the walls, as if warning of unspeakable dangers ahead, their eldritch symbols seeming to pulse and writhe in the flickering torchlight. \\n\\nThe darkness presses in on you from all sides, and the sound of your own breathing echoes back at you, amplifying the sense of isolation and dread. You must roll for a saving throw to steel your nerves and press onward, lest the suffocating darkness overwhelm your senses and drive you into the comforting embrace of madness. \\n\\nAs you delve deeper into the passage, you can't shake the feeling that you're being watched, as if the very stones themselves are alive and observing your every move. The walls seem to shift and contort around you, their edges blurring and distorting in ways that defy the laws of physics. You can almost hear whispers on the edge of your perception, their eldritch words slithering into your mind like serpents, threatening to unravel the very fabric of your reality.",
      "exits": {
        "proceed_deeper": {
          "skill_check": {
            "dice_type": "1d20",
            "target": 16,
            "success": {
              "description": "You successfully navigate the hidden passage, following the twists and turns of the tunnel with unwavering determination. After what seems like an eternity, you emerge into the artifact chamber, the final obstacle in your quest. \\n\\nA sense of triumph swells within you, as you realize that you've overcome the temple's trials and are one step closer to claiming the artifact's power. However, as you gaze upon the chamber's entrance, you can't help but feel a sense of foreboding, as if the temple itself is warning you of the dangers that lie ahead. \\n\\nYou steel your resolve and press on, determined to uncover the artifact's secrets, no matter the cost.",
              "room": "artifact_chamber"
            },
            "failure": {
              "description": "You become hopelessly lost in the labyrinth of tunnels, the darkness and oppressive atmosphere chipping away at your sanity. Every turn leads to another dead end, and the walls seem to close in around you, their edges blurring and distorting in ways that defy the laws of physics. \\n\\nYou must roll for a saving throw to resist the temptation to give in to despair and turn back, lest the temple's dark embrace claim you as its latest victim. As you struggle to find your way, you can't help but feel as though you're being watched by unseen entities, their malevolent eyes peering at you from the shadows. \\n\\nThe whispers grow louder, their eldritch words slithering into your mind like serpents, threatening to unravel the very fabric of your reality. You must press on, if you have any hope of escaping this place with your sanity intact.",
              "room": "east_wing"
            }
          }
        },
        "turn_back": "east_wing"
      }
    },
    "artifact_chamber": {
      "description": "The artifact chamber is a vast, cavernous space deep within the temple. At its center, atop a pedestal, rests a glowing artifact of immense power. The air crackles with ancient energy, and you feel a profound sense of awe and trepidation. \\n\\nThe chamber is adorned with intricate carvings and symbols, each one seeming to whisper secrets from a bygone era. You must roll for a saving throw to resist the artifact's seductive allure and maintain your focus, lest you become lost in the depths of its ancient knowledge. \\n\\nAs you gaze upon the artifact, you can't help but feel a sense of reverence and fear, as if you're standing in the presence of a deity from a long-forgotten pantheon. The artifact's glow seems to pulse and undulate, casting eerie shadows across the chamber's walls that seem to shift and contort in ways that defy the laws of physics.",
      "exits": {
        "claim_the_artifact": {
          "skill_check": {
            "dice_type": "1d20",
            "target": 22,
            "success": {
              "description": "You successfully claim the artifact, its power surging through you like a torrential river. The weight of its ancient knowledge and responsibility settles upon your shoulders, and you vow to use its power for the betterment of the world. \\n\\nWith great effort, you resist the temptation to succumb to the artifact's seductive influence and maintain your sense of self. The temple's trials have forged you into a vessel worthy of wielding such power, and you embrace your newfound destiny with humility and resolve. \\n\\nHowever, as you turn to leave the chamber, you can't help but feel a sense of unease, as if the temple itself is watching your every move, waiting for you to falter so it can reclaim the artifact's power. The whispers grow louder, their eldritch words slithering into your mind like serpents, threatening to unravel the very fabric of your reality.",
              "room": "temple_entrance"
            },
            "failure": {
              "description": "The artifact's power overwhelms you, its seductive influence clouding your mind and eroding your sense of self. You feel yourself slipping away, becoming a mere vessel for the artifact's ancient and unknowable purpose. \\n\\nIn a final act of defiance, you summon all your remaining strength and flee the chamber, leaving the artifact behind. You must roll for a saving throw to resist the artifact's lingering influence and regain your sense of identity, lest you become forever lost to the temple's dark embrace. \\n\\nAs you stumble through the corridors, the walls seem to shift and contort around you, their edges blurring and distorting in ways that defy the laws of physics. The whispers grow louder, their eldritch words slithering into your mind like serpents, threatening to unravel the very fabric of your reality. You can feel the temple's dark influence closing in around you, as if it's determined to claim you as its latest victim.",
              "room": "main_chamber"
            }
          }
        },
        "abandon_the_quest": "main_chamber"
      }
    }
  }
 }