{
    "name": "Noir",
    "button_color": "#790000",
    "start_room": "detective's_office",
    "rooms": {
        "detective's_office": {
            "description": "The fan on the ceiling spins lazily, barely disturbing the thick cigarette smoke that hangs in the air. I lean back in my chair, nursing a whiskey and contemplating the case that's been haunting me for weeks. The Crimson Shadow, they call him. A killer who strikes from the darkness, leaving no trace but a trail of blood and broken hearts. The clink of ice against glass is the only sound in the room as I take another sip of my drink, the amber liquid providing little comfort against the chill that's settled in my bones. Outside, the rain beats a steady rhythm against the window, casting an eerie glow on the wet pavement below. The city's a jungle, all right. A concrete jungle filled with predators and prey. And I'm the hunter, hot on the trail of the most dangerous game I've ever faced...",
            "exits": {
                "hit_the_streets": "city_streets",
                "visit_the_crime_scene": "victim's_apartment",
                "interview_the_witness": "seedy_bar"
            }
        },
        "city_streets": {
            "description": "The city's a jungle, all right. A concrete jungle filled with predators and prey. I walk the rain-slicked streets, my fedora pulled low over my eyes, searching for any sign of the Crimson Shadow. The neon signs flicker and buzz, casting eerie shadows on the faces of the passersby. The smell of wet asphalt and the sound of distant thunder fill my senses as I tread deeper into the heart of the city. My trench coat, damp from the relentless drizzle, clings to my shoulders, but I pay it no mind. The discomfort is trivial compared to the weight of the case that's consuming me. I pass by a dimly lit alleyway, the flickering light from a nearby streetlamp revealing a group of shady characters huddled together, whispering in hushed tones. They look up as I approach, their eyes wary and suspicious. I know they're hiding something, but it's not what I'm after. Tonight, I have a bigger fish to fry. I continue on, my footsteps echoing in the empty streets. The city's a maze, a labyrinth of twists and turns that hide countless secrets. And I'm the one who's got to navigate it, to find the one secret that can bring the Crimson Shadow to justice. My gut tells me I'm getting close, that the answer is just around the corner. But in this city, you can never be too sure. One wrong turn, one false step, and you could end up in a world of trouble. I've got to be careful, keep my wits about me. Because in this concrete jungle, it's not just the Crimson Shadow I have to watch out for. It's the city itself.",
            "exits": {
                "chase_a_lead": "abandoned_warehouse",
                "visit_the_informant": "back_alley",
                "return_to_office": "detective's_office"
            }
        },
        "victim's_apartment": {
            "description": "The victim's apartment is a mess. Overturned furniture, shattered glass, and the coppery scent of blood. I search through the chaos, looking for any clue that might lead me to the killer. A crumpled photograph catches my eye - a beautiful woman with haunted eyes. The victim's lover, perhaps? Or something more sinister?",
            "exits": {
                "dust_for_fingerprints": "hidden_room",
                "analyze_the_photograph": "photography_studio",
                "return_to_office": "detective's_office"
            }
        },
        "seedy_bar": {
            "description": "The bar's a dive, but it's the kind of place where people talk. I slide onto a stool and order a shot of rye, scanning the room for the witness. I spot her in the corner, a lone figure nursing a drink, her red lips curled into a sardonic smile. She's trouble, all right. The kind of trouble that can get a man killed. But I've got no choice. She's my best lead, my only chance of catching the Crimson Shadow.She's a dame with curves like a switchblade and eyes that could cut glass. She knows something, but getting her to talk won't be easy...",
            "exits": {
                "buy_her_a_drink": "private_room",
                "pressure_her_for_information": "back_alley",
                "tail_her_when_she_leaves": "city_streets"
            }
        },
        "abandoned_warehouse": {
            "description": "The warehouse looms before me, a hulking shadow against the night sky. My lead has brought me here, but I can feel the danger lurking in every corner. I draw my gun and step inside, the echoes of my footsteps mingling with the scurrying of rats...",
            "exits": {
                "search_for_clues": "hidden_room",
                "confront_the_suspect": "rooftop",
                "set_up_an_ambush": "city_streets"
            }
        },
        "back_alley": {
            "description": "The alley's a dead end, in more ways than one. My informant lies slumped against the wall, a bullet in his chest and a look of surprise frozen on his face. I search his pockets, hoping for a clue, but all I find is a cryptic note scrawled in blood: 'The Crimson Shadow strikes at midnight.'",
            "exits": {
                "decipher_the_note": "clocktower",
                "return_to_office": "detective's_office",
                "hit_the_streets": "city_streets"
            }
        },
        "photography_studio": {
            "description": "The photography studio's a front, but for what? I rifle through the files, my eyes drawn to a stack of photographs hidden in a drawer. Each one shows a different victim, their faces contorted in fear. And in the background of each shot, a shadowy figure lurks. The Crimson Shadow.",
            "exits": {
                "confront_the_photographer": "darkroom",
                "search_for_more_clues": "hidden_room",
                "call_for_backup": "detective's_office"
            }
        },
        "private_room": {
            "description": "The private room's a trap. I realize it too late, as the door swings shut behind me and I hear the click of a gun being cocked. The dame from the bar smiles, but there's no warmth in it. 'You should've left well enough alone, detective,' she purrs. 'The Crimson Shadow doesn't like loose ends.'",
            "exits": {
                "fight_my_way_out": "city_streets",
                "try_to_reason_with_her": "seedy_bar",
                "look_for_an_escape_route": "back_alley"
            }
        },
        "rooftop": {
            "description": "The city stretches out before me, a glittering maze of lights and shadows. I'm not alone. The Crimson Shadow stands at the edge of the roof, his face hidden beneath a blood-red mask. 'You've caused me a lot of trouble, detective,' he snarls. 'But it ends tonight.'",
            "exits": {
                "engage_in_hand-to-hand_combat": "final_confrontation",
                "try_to_unmask_him": "killer's_identity",
                "lure_him_into_a_trap": "abandoned_warehouse"
            }
        },
        "clocktower": {
            "description": "The clocktower looms above the city, a silent sentinel. I race up the stairs, my heart pounding in my chest. I know I'm walking into a trap, but I have no choice. The Crimson Shadow's final victim is here, and I'm the only one who can save them.",
            "exits": {
                "confront_the_killer": "final_confrontation",
                "search_for_the_victim": "hostage_situation",
                "call_for_backup": "city_streets"
            }
        },
        "darkroom": {
            "description": "The darkroom's a twisted shrine to the Crimson Shadow's madness. The air is thick with the scent of chemicals and the oppressive weight of evil. I step further into the room, my heart pounding in my chest as I take in the horrifying sight before me. The photographs cover every inch of the walls, each one a testament to the Crimson Shadow's cruelty.  The walls are lined with photographs of his victims, each one more brutal than the last. And at the center of it all, the photographer himself, a man with a face like a skull and eyes that gleam with madness.",
            "exits": {
                "subdue_the_photographer": "police_station",
                "search_for_evidence": "photography_studio",
                "chase_the_real_killer": "city_streets"
            }
        },
        "hidden_room": {
            "description": "The hidden room's a vault of secrets, filled with files and photographs that could bring down an empire. I rifle through the papers, my mind reeling with the implications. The Crimson Shadow's not a lone killer, but the tip of a much larger iceberg. A conspiracy that goes all the way to the top.",
            "exits": {
                "gather_the_evidence": "police_station",
                "confront_the_mastermind": "killer's_lair",
                "get_the_story_out": "press_office"
            }
        },
        "final_confrontation": {
            "description": "The final confrontation's a blur of fists and bullets. The Crimson Shadow's a formidable foe, but I've got justice on my side. The city's a battlefield, and I'm the soldier fighting for its soul. We fight across the rooftops and through the streets, leaving a trail of destruction in our wake. In a moment of pure instinct, I see an opening. I lunge forward, my fist connecting with the Crimson Shadow's jaw, sending him sprawling to the ground. He looks up at me, his eyes filled with shock and disbelief, as I tower over him, my gun pointed at his head.  I emerge victorious, the killer's mask clutched in my bloody hands.",
            "exits": {
                "turn_him_in": "police_station",
                "uncover_the_truth": "killer's_identity",
                "walk_away": "city_streets"
            }
        },
        "hostage_situation": {
            "description": "I find the victim bound and gagged, a ticking bomb strapped to their chest. The Crimson Shadow's last sick game. I work frantically to disarm the device, my fingers trembling with fear and adrenaline. Just as the timer hits zero, I cut the final wire. The bomb falls silent, and the victim sobs with relief.",
            "exits": {
                "get_them_to_safety": "police_station",
                "question_them": "detective's_office",
                "search_for_the_killer": "rooftop"
            }
        },
        "police_station": {
            "description": "I limp into the police station, my body battered but my spirit unbroken. I've got the evidence I need to bring down the Crimson Shadow and his twisted conspiracy. The chief looks up from his desk, his eyes widening as he takes in my haggard appearance. 'You'd better have a damn good story, detective,' he growls.",
            "exits": {
                "give_full_report": "case_closed",
                "hold_back_information": "lone_wolf",
                "resign_from_the_force": "new_beginning"
            }
        },
        "killer's_identity": {
            "description": "I unmask the Crimson Shadow, and my world shatters. The realization hits me like a ton of bricks, and I stagger back, my mind reeling. I can't believe it. I won't believe it. But the evidence is right in front of me, undeniable and irrefutable. The Crimson Shadow is someone I know, someone I trusted. A fellow detective, a friend, a lover.  They stare at me with eyes full of madness and betrayal, and I feel my heart break into a thousand pieces. I look into their eyes, searching for some sign of the person I thought I knew. But all I see is madness, a twisted darkness that's consumed them completely.",
            "exits": {
                "bring_them_to_justice": "bittersweet_victory",
                "let_them_go": "haunted",
                "seek_answers": "tangled_web"
            }
        },
        "press_office": {
            "description": "I burst into the press office, a stack of evidence clutched in my shaking hands. I know I'm taking a risk, but the people deserve the truth. The reporters clamor around me, their cameras flashing and their questions flying. I take a deep breath and begin to tell my story, the story of the Crimson Shadow and the conspiracy that nearly destroyed the city. The reporters listen, rapt, as I recount my journey to uncover the truth and bring the killer to justice. I can see the shock and disbelief in their eyes, but I know that they understand the gravity of the situation.   As I finish my story, the room falls silent. The reporters exchange glances, their expressions somber and thoughtful...",
            "exits": {
                "expose_the_truth": "media_frenzy",
                "protect_the_innocent": "cover-up",
                "disappear": "fresh_start"
            }
        },
        "killer's_lair": {
            "description": "The killer's lair's a twisted maze of tunnels and chambers, each one more horrifying than the last. I navigate the labyrinth, my gun at the ready, until I reach the heart of the operation. The mastermind behind the Crimson Shadow sits before me, a smile playing across their lips. 'You've done well, detective,' they say. 'But you're too late. The game's already won.'",
            "exits": {
                "take_them_down": "pyrrhic_victory",
                "make_a_deal": "uneasy_truce",
                "unravel_the_conspiracy": "tangled_web"
            }
        },
        "case_closed": {
            "description": "The case is closed, the Crimson Shadow's reign of terror finally at an end. I sit at my desk, a glass of whiskey in my hand, and contemplate the cost of justice. The scars on my body will heal, but the scars on my soul will linger forever. I've seen the darkness that lurks in the hearts of men, and I know I'll never be the same. But I also know that as long as there are people like me, willing to fight for what's right, the city will endure. And so will I.   As I take a sip of my drink, the amber liquid warming my throat, I can't help but reflect on the journey that led me here. The Crimson Shadow case was the most challenging and personal case of my career, pushing me to my limits and forcing me to confront my own demons. But in the end, I emerged victorious, bringing justice to those who had suffered and ensuring that the city would be safe once more.   I take one last look at the case file, the memories flooding back, and then close it with a sigh. It's time to move on, to focus on the future and the new challenges that await me. The city needs me, and I won't let it down. I'm a detective, a seeker of truth and justice, and I'll continue to fight for what's right, no matter what the cost. Because in the end, that's what truly matters.\n\n As I gaze out of the window of my office, the city sprawls before me, its streets shrouded in the darkness of night. Somewhere out there, another case waits to be solved, another villain waits to be brought to justice. But for now, I allow myself a moment of respite, savoring the quiet stillness of the night. Tomorrow, the world will continue to turn, and the cycle of crime and corruption will persist. But for tonight, I find solace in knowing that I've made a difference, no matter how small. With a sense of determination burning within me, I extinguish the remnants of my drink and prepare to face whatever challenges lie ahead. For as long as there's injustice in this city, I'll be there to fight against it, one case at a time. \n\n [Ending 1]",
            "exits": {}
        },
        "lone_wolf": {
            "description": "I hold back the full truth, knowing that some secrets are too dangerous to reveal. I've become a lone wolf, a vigilante operating outside the law. I stalk the streets at night, my gun and my wits my only companions, seeking out the darkness and bringing it to light. It's a lonely life, but it's the only one I know. The only one that makes sense in a world gone mad. As I slip into the shadows once more, the weight of my secrets heavy upon my shoulders, I can't help but wonder if I've strayed too far from the path of righteousness.\n\n My gaze falls upon the photograph resting on my desk, a bittersweet reminder of the life I once had. In the quiet moments between cases, I find myself drawn back to that fateful night, the night that changed everything. The truth of what happened still burns within me, a gnawing ache that refuses to be ignored. But some secrets are better left buried, hidden away in the depths of my memories. I've built a new life for myself since then, a life built on half-truths and deception. Yet, despite my best efforts to leave the past behind, it continues to haunt me, a specter that lingers in the shadows. And so, I carry on, grappling with the ghosts of my past as I navigate the treacherous waters of the present. For in this city of sin and sorrow, the only way to survive is to keep moving forward, one step at a time. \n\n [Ending 2]",
            "exits": {}
        },
        "new_beginning": {
            "description": "I turn in my badge and my gun, my days as a detective finally at an end. I've seen too much, lost too much, to continue down this path. I pack my bags and leave the city, heading for a place where the shadows are just shadows and the blood on my hands can finally be washed clean. It's time for a new beginning, a fresh start. A chance to find out who I am without the weight of the past dragging me down. \n\n It's been a long journey, filled with twists and turns I never could have anticipated. But now, as I relinquish my role as a detective, I can't shake the feeling that a weight has been lifted from my shoulders. The memories of the cases I've worked, the lives I've touched, they'll always be a part of me. But it's time to let go, to move on from the chaos and corruption that have defined my career. \n\n With a heavy heart, I turn away from the familiar sights and sounds of the precinct, knowing that I'm leaving behind more than just a job. Yet, as I walk away, a sense of newfound freedom washes over me. For the first time in years, I have the chance to write my own story, \n\n  [Ending 3]",
            "exits": {}
        },
        "bittersweet_victory": {
            "description": "Justice is served, but the victory tastes like ashes in my mouth. I've brought down the Crimson Shadow, but at what cost? My relationship is shattered, my faith in the system forever tarnished. I walk away from the courthouse, my head held high but my heart heavy with grief. I know I did the right thing, but I can't help wondering if it was worth the price I paid. The city may be safe from the Crimson Shadow's grasp, but at what cost? The sacrifices I've made, the lives I've ruined—all in the name of a justice that now feels more like vengeance. And as the shadows swallow me whole, I realize that sometimes the line between hero and villain is thinner than we'd like to believe. \n\n [Ending 4]",
            "exits": {}
        },
        "haunted": {
            "description": "I let the killer go, unable to bring myself to destroy the person I once loved. But their betrayal haunts me, a shadow that follows me wherever I go. I see their face in every criminal I hunt, hear their voice in every scream in the night. I'm a broken man, a shell of my former self. But I can't stop, can't rest, until I find a way to make things right. Even if it means losing myself in the process.\n\n As I wander the city streets, haunted by memories of the one I let slip through my fingers, I find myself consumed by a relentless obsession. The decision to spare them weighs heavily on my conscience, a constant reminder of my own weakness. But with each passing day, the desire for redemption burns ever brighter within me. I may be a broken man, but I refuse to let that define me. \n\n The hunt for justice becomes my sole purpose, my only salvation in a world tainted by betrayal. And so, with a heart heavy with regret and a mind consumed by vengeance, I dive headfirst into the darkness, knowing that the path ahead will be fraught with danger and despair. But as long as there's breath in my lungs and fire in my soul, I'll continue to chase the shadows, driven by a desperate need to atone for the sins of the past. \n\n [Ending 5]",
            "exits": {}
        },
        "tangled_web": {
            "description": "The conspiracy runs deeper than I ever imagined, a tangled web of lies and deceit that stretches across the city. I follow the threads, unraveling the mystery one clue at a time, but each answer only leads to more questions. I'm in over my head, but I can't turn back now. I have to see this through to the end, no matter where it takes me. Even if it means confronting truths I'm not ready to face. I can feel the walls closing in around me, suffocating me with the weight of my own naivety. Every revelation is a double-edged sword, cutting through the veil of ignorance to reveal harsh truths that I'm not prepared to confront. Yet, despite the mounting danger and uncertainty, I press on, driven by a stubborn determination to uncover the elusive truth at any cost. The shadows grow darker with each step I take, their whispers of deception and betrayal echoing in the recesses of my mind. But I refuse to be cowed by fear or doubt. For in the heart of darkness lies the key to redemption, and I'll be damned if I let it slip through my grasp....  \n\n [Ending 6]",
            "exits": {}
        },
        "media_frenzy": {
            "description": "The story hits the front page, and the city erupts in chaos. The people demand answers, demand justice, and I'm the one who gave it to them. But the price of truth is high, and I soon find myself in the crosshairs of some very powerful enemies. I go underground, using every trick I know to stay one step ahead of the people who want me dead. It's a dangerous game, but it's one I know how to play. And I won't stop until the whole sordid tale is told, no matter who tries to stop me. \n\n As the days turn into weeks, I find myself constantly looking over my shoulder, never knowing who to trust. The powerful enemies I've made have deep pockets and long reaches, and they won't rest until they've silenced me for good.   I move from safe house to safe house, always staying one step ahead of my pursuers. I use encrypted messages and dead drops to communicate with my allies, never staying in one place for too long. It's a lonely existence, but it's one that I've chosen. I know that the truth is worth fighting for, worth sacrificing for, and I won't let anyone stand in my way... \n\n [Ending 7]",
            "exits": {}
        },
        "cover-up": {
            "description": "I bury the evidence, knowing that the truth would do more harm than good. The city needs stability, needs to believe that the system works. And so I become part of the cover-up, a silent guardian working in the shadows to keep the peace. It's not the life I wanted, but it's the one I've chosen. And I'll carry the burden of my secrets to the grave, knowing that some truths are better left buried. \n\n As I watch the dirt settle, sealing away the truth that could shatter the fragile facade of order, I can't help but feel a pang of guilt gnawing at my conscience. But with each shovel of earth, I reaffirm my commitment to the greater good, to preserving the illusion of justice that holds this city together. It's a lonely existence, living in the shadows, bearing the weight of secrets that threaten to consume me from within. But as the days turn into weeks, and the weeks into years, I find solace in the knowledge that my sacrifice has spared the city from chaos and upheaval. And though the darkness may whisper of redemption lost and sins unforgiven, I hold fast to the belief that sometimes the greatest act of heroism is the one done in silence, the one that goes unnoticed by all but the shadows themselves. \n\n [Ending 8]",
            "exits": {}
        },
        "fresh_start": {
            "description": "I leave the city behind, the weight of my sins too heavy to bear. I change my name, my face, my whole identity, and start a new life somewhere else. Somewhere where the shadows are just shadows and the past can't find me. It's a chance to begin again, to be someone new. As I slip away from the city's grasp, the weight of my sins clinging to me like a heavy cloak, I feel like a shadow fleeing from the relentless pursuit of the sun. With each step into the unknown, I shed fragments of my former self like leaves falling from a tree in autumn, carried away by the winds of change. The train's whistle cuts through the silence like a mournful cry, echoing the ache in my heart as I leave behind the familiar streets and faces that once defined me. Yet, like a phoenix rising from the ashes, I cling to the hope of rebirth, of starting anew in a place where the past can't cast its long shadow over my future. \n\n [Ending 9]",
            "exits": {}
        },
        "pyrrhic_victory": {
            "description": "I take down the mastermind, but the cost is high. The city's in ruins, the body count astronomical. And I'm left standing in the ashes, wondering if it was all worth it. I've won the battle, but lost the war. And as I watch the smoke rise over the shattered remains of my life, I can't help but feel that the real victory belongs to the shadows. \n\n [Ending 10]",
            "exits": {}
        },
        "uneasy_truce": {
            "description": "I make a deal with the devil, trading my silence for their surrender. The Crimson Shadow's operation is dismantled, but the mastermind remains free, a ticking time bomb waiting to explode. It's an uneasy truce, a fragile peace that could shatter at any moment. But it's the only choice I have, the only way to keep the city from tearing itself apart. And so I shake their hand and walk away, knowing that someday, I'll have to finish what I started.  And just like that, I'm back in the game. Another mystery to solve, another monster to slay. It's a thankless job, but somebody's got to do it. And for better or worse, that somebody is me. The city's dark avenger, the shadow's worst nightmare. They call me the detective. And I've got work to do. \n\n [Ending 11]"
        },
        "tangled_web": {
            "description": "The conspiracy runs deeper than I ever imagined, a tangled web of lies and deceit that stretches across the city. I follow the threads, unraveling the mystery one clue at a time, but each answer only leads to more questions. I'm in over my head, but I can't turn back now. I have to see this through to the end, no matter where it takes me. Even if it means confronting truths I'm not ready to face. \n\n [Ending 12]",
            "exits": {}
        },
        "media_frenzy": {
            "description": "The story hits the front page, and the city erupts in chaos. The clamor for justice is deafening, a cacophony of anger and fear that reverberates through the streets like thunder. Yet, amidst the chaos, I stand alone, a solitary figure in the crosshairs of those who would see me silenced. With every passing moment, the walls close in around me, the shadows of my enemies looming ever larger. But I refuse to cower in the face of adversity. Instead, I retreat into the shadows, weaving through the labyrinthine underbelly of the city like a phantom, using every trick in my arsenal to evade capture. It's a dangerous game of cat and mouse, one where the stakes couldn't be higher. But I've spent a lifetime honing my skills, mastering the art of deception and evasion. And I'll be damned if I let anyone, no matter how powerful, stand in the way of justice. So I disappear into the darkness, a silent sentinel on a mission to expose the truth, no matter the cost. \n\n [Ending 13]",
            "exits": {}
        },
        "cover-up": {
            "description": "I bury the evidence, knowing that the truth would do more harm than good. The city needs stability, needs to believe that the system works. And so I become part of the cover-up, a silent guardian working in the shadows to keep the peace. It's not the life I wanted, but it's the one I've chosen. And I'll carry the burden of my secrets to the grave, knowing that some truths are better left buried. \n\n [Ending 14]",
            "exits": {}
        },
        "fresh_start": {
            "description": "I leave the city behind, the weight of my sins too heavy to bear. I change my name, my face, my whole identity, and start a new life somewhere else. Somewhere where the shadows are just shadows and the past can't find me. It's a chance to begin again, to be someone new. But deep down, I know I can never truly escape the darkness I've seen, the horrors I've faced. They'll always be a part of me, no matter how far I run. \n\n [Ending 15]",
            "exits": {}
        },
        "pyrrhic_victory": {
            "description": "I take down the mastermind, but the cost is high. The city's in ruins, the body count astronomical. And I'm left standing in the ashes, wondering if it was all worth it. I've won the battle, but lost the war. And as I watch the smoke rise over the shattered remains of my life, I can't help but feel that the real victory belongs to the shadows. As I survey the devastation wrought by my actions, a bitter taste fills my mouth, mingling with the acrid scent of smoke and despair. \n\n The victory I thought I'd achieved feels hollow, a cruel illusion shattered by the harsh reality of the aftermath. The streets are littered with the debris of broken dreams and shattered lives, each one a testament to the high cost of justice. And as I stand amidst the wreckage, I can't escape the sinking realization that perhaps I've become the very thing I swore to fight against. \n\n The shadows that once whispered promises of redemption now loom large, casting a pall over my shattered existence. But even as doubt gnaws at my resolve and regret weighs heavy on my soul, I know that I can't turn back the hands of time. All I can do is pick up the pieces and try to rebuild, to find a way to atone for the sins of the past. For in the end, true victory lies not in the conquest of our enemies, but in the strength to rise again from the ashes of defeat. \n\n [Ending 16]",
            "exits": {}
        }
    }
}