{
"name": "Enchanted Woods",
"button_color": "#496d0a",
"start_room": "mysterious_clearing",
"rooms": {
"mysterious_clearing": {
"description": "Sunlight filters through the dense foliage, casting a golden hue over the moss-covered ground. A sense of enchantment hangs in the air, drawing you deeper into the woods. Where will your journey begin? ",
"exits": {
"follow_the_path": "enchanted_glade",
"explore_the_cave": "shadowy_depths"
}
},
"enchanted_glade": {
"description": "The path leads you to an enchanted glade, where flowers bloom in vivid colors and butterflies dance in the gentle breeze. A feeling of peace washes over you, but a distant sound catches your attention. You pause, straining to hear where it's coming from. It's a faint melody, a haunting tune carried on the wind. Drawn by curiosity, you follow the sound deeper into the glade.",
"exits": {
"listen_closely": "whispering_brook",
"explore_further": "enchanted_statue"
}
},
"shadowy_depths": {
"description": "Entering the cave, you find yourself in shadowy depths filled with mystery. Strange symbols adorn the walls, glowing softly in the dim light. A chill runs down your spine, urging you to proceed with caution. As your eyes adjust to the darkness, you notice the symbols seem to shift and dance on the cave walls, as if imbued with a power all their own. The air carries an ancient, musty scent, and you can hear the faint dripping of water echoing deeper within the cavern.",
"exits": {
"investigate_symbols": "ancient_altar",
"return_to_clearing": "mysterious_clearing"
}
},
"whispering_brook": {
"description": "As you listen closely, you hear the gentle murmur of a brook nearby. Following the sound, you discover a shimmering stream winding its way through the glade. But something seems amiss, as if the forest itself is trying to tell you something. The stream's crystal clear waters reflect the lush greenery surrounding it, but as you kneel down to get a closer look, you notice an unusual disturbance in the current. Small ripples seem to form patterns, almost as if the water is trying to communicate. Leaning in further, you realize the ripples are tracing out symbols - the very same mystical runes you saw adorning the walls of the cave.",
"exits": {
"follow_the_stream": "lost_grove",
"heed_the_warning": "enchanted_glade"
}
},
"enchanted_statue": {
"description": "In the heart of the glade stands a majestic statue, its features weathered by time. As you approach, you sense a powerful presence emanating from the stone figure. It seems to be guarding something of great importance.",
"exits": {
"offer_a_gift": "guarded_treasure",
"continue_exploring": "enchanted_glade"
}
},
"ancient_altar": {
"description": "In the heart of the glade stands a majestic statue, its features weathered by time. As you approach, you sense a powerful presence emanating from the stone figure. It seems to be guarding something of great importance. The statue depicts a regal, hooded figure, its expression stern but benevolent. Intricate carvings adorn the robes and a staff is grasped firmly in its hand. You reach out to trace the weathered details, feeling a charge of energy tingle through your fingertips as you make contact. ",
"exits": {
"channel_the_energy": "forbidden_chamber",
"leave_the_altar": "shadowy_depths"
}
},
"lost_grove": {
"description": "Following the stream, you stumble upon a lost grove hidden deep within the forest. The trees whisper secrets of ages past, and the air hums with magic. But a sense of foreboding hangs heavy in the air, warning you of danger ahead. You tread carefully, hyper-aware of your every movement. The mystical runes you encountered earlier are etched into the bark of the ancient trees, pulsing with a supernatural energy. A chill runs down your spine, and you can't shake the feeling that you are being watched. Suddenly, a rustling in the undergrowth catches your attention. You freeze, heart pounding, as a pair of glowing eyes emerge from the shadows. A low, guttural growl rumbles through the grove, sending a shiver of fear down your spine.",
"exits": {
"explore_the_grove": "cursed_temple",
"heed_the_warning": "whispering_brook"
}
},
"guarded_treasure": {
"description": "You offer a gift to the enchanted statue, and in return, it reveals a hidden treasure buried beneath the glade. But as you reach for the treasure, you sense a presence watching you, guarding its precious hoard. Feeling a renewed sense of purpose, you approach the statue once more, your hands outstretched in a gesture of reverence. As you near the dais, you notice a small alcove in the base, as if the statue is silently beckoning you to leave an offering.",
"exits": {
"attempt_to_take_treasure": "guardian_spirit",
"leave_the_treasure": "enchanted_statue"
}
},
"forbidden_chamber": {
"description": "Channeling the energy of the altar, you unlock a forbidden chamber hidden within the cave. Inside, you find ancient artifacts and arcane knowledge long forgotten. But with great power comes great peril, as dark forces stir in the depths. As the hidden door grinds open, a rush of energy floods the chamber, sending tingles down your spine. The air is thick with the scent of forgotten magic, and the walls are adorned with faded murals depicting esoteric rituals and symbols. ",
"exits": {
"claim_the_power": "dark_confrontation",
"heed_the_warning": "ancient_altar"
}
},
"cursed_temple": {
"description": "Exploring the grove, you stumble upon a cursed temple overrun by dark magic. Shadows dance in the corners, and whispers fill the air, urging you to turn back before it's too late. But something compels you to press on, driven by curiosity or perhaps folly. The temple looms before you, its once-majestic facade now crumbling and overgrown. An oppressive aura permeates the air, sending shivers down your spine. The whispers grow louder, a chorus of voices pleading with you to leave this place of darkness.",
"exits": {
"banish_the_darkness": "final_showdown",
"retreat_to_safety": "lost_grove"
}
},
"guardian_spirit": {
"description": "As you reach for the shimmering treasure, a sudden movement in the shadows catches your eye. A figure coalesces before you, its form shifting and wavering, as if made of pure energy. The guardian spirit's eyes blaze with an otherworldly fury, and you can feel the weight of its power pressing down on you. Steeling your nerves, you stand your ground, refusing to be cowed by the spirit's menacing presence. You can sense its ancient guardianship of the treasure, a duty forged through generations of protecting this sacred hoard. In a flash, the spirit surges forward, its ethereal form lashing out with tendrils of pure energy. You meet its assault head-on, your own aura flaring to life as you match the guardian's onslaught.",
"exits": {
"defeat_the_spirit": "triumphant_victory",
"yield_to_the_spirit": "guarded_treasure"
}
},
"dark_confrontation": {
"description": "Claiming the power of the forbidden chamber, you face a dark confrontation with the forces that seek to corrupt the forest. Shadows coil around you, threatening to consume your very soul. Will you emerge victorious, or become another victim of the darkness?",
"exits": {
"vanquish_the_darkness": "ultimate_triumph",
"succumb_to_the_shadows": "forbidden_chamber"
}
},
"final_showdown": {
"description": "As you confront the darkness within the cursed temple, you unleash the full extent of your power. Light clashes with shadow, and the fate of the forest hangs in the balance. In this final showdown, only one will emerge victorious. The guardian spirit, once a formidable foe, now joins your side, its ethereal form blazing with the same holy light that emanates from you. Together, you and the spirit become an unstoppable force, driving the shadows back into the deepest recesses of the temple. As the last vestiges of darkness are banished, a hush falls over the temple. You sense a palpable shift in the energy, as if the very forest itself is breathing a sigh of relief. The guardian spirit turns to you, its eyes gleaming with a newfound respect. In that moment, you realize the true extent of the power you have harnessed - a power that could be used to protect and restore the delicate balance of this enchanted realm. The choice now lies before you: will you embrace this responsibility, and become the guardian of the forest's most sacred mysteries? Or will you simply return to the outside world, your adventure here nothing more than a fleeting memory?",
"exits": {
"banish_the_darkness": "triumphant_victory",
"fall_to_the_shadow": "cursed_temple"
}
},
"triumphant_victory": {
"description": "With the darkness banished and the forest restored, you emerge victorious from your trials. The enchanted woods echo with the sound of your triumph, and the creatures of the forest celebrate your bravery. You stand amidst the revelry, a sense of profound accomplishment washing over you. Through your courage and perseverance, you have restored balance to this enchanted realm, vanquishing the sinister forces that threatened to consume it. Yet, as the initial euphoria fades, you can't shake the feeling that your journey is far from over. The whispers of the woods, once ominous and foreboding, now call to you with a newfound clarity - a promise of greater mysteries yet to unravel. The whispers of the woods remind you that your journey is far from over, and new adventures await.",
"exits": {}
},
"ultimate_triumph": {
"description": "In a blaze of light, you vanquish the darkness once and for all, restoring balance to the forest. The enchanted woods sing with joy as the shadows retreat, and you stand as a true champion of the forest. But as the echoes of battle fade, you wonder what new challenges lie ahead, for the woods are vast and full of mysteries. You survey the rejuvenated landscape, a deep sense of pride and humility swelling within your chest. Through your courage and determination, you have saved this enchanted realm from the clutches of darkness, and the forest's inhabitants now look to you with reverence. Yet, as the initial euphoria subsides, you can't help but feel a stirring of unease. The woods, for all their beauty and wonder, still hold countless secrets, mysteries that have yet to be unraveled. The whispers that once filled you with dread now seem to beckon you onward, hinting at greater challenges that lie ahead...",
"exits": {}
}
}
}






