{
"name": "Three Choices",
"button_color": "#800000",
"start_room": "the_crossroads",
"rooms": {
  "the_crossroads": {
    "description": "You find yourself standing at a misty crossroads, the path ahead obscured by a thick, swirling fog. The air is heavy with the weight of an unseen presence, and you can't shake the feeling that your choices here will determine the course of your entire journey.",
    "exits": {
      "path_of_courage": "the_lion's_den",
      "path_of_wisdom": "the_sage's_library",
      "path_of_compassion": "the_healer's_garden"
    }
  },
  "the_lion's_den": {
    "description": "The path of courage leads you to the entrance of a dark, foreboding cave. As you step inside, you hear the rumbling growl of a massive beast - the legendary lion that guards the way forward. You must summon all of your bravery to face this fearsome creature.",
    "exits": {
      "face_the_lion": "trial_of_courage",
      "search_for_weapon": "the_armory",
      "retreat": "the_crossroads"
    }
  },
  "the_sage's_library": {
    "description": "The path of wisdom brings you to the doorstep of an ancient library, its walls lined with dusty tomes and crackling scrolls. The air is thick with the scent of old parchment and the weight of countless centuries of knowledge.",
    "exits": {
      "seek_ancient_knowledge": "trial_of_wisdom",
      "explore_the_stacks": "the_forbidden_section",
      "return_to_crossroads": "the_crossroads"
    }
  },
  "the_healer's_garden": {
    "description": "The path of compassion leads you to a tranquil garden, filled with fragrant herbs and gently bubbling fountains. At the center of the garden stands a wise old healer, tending to the sick and the wounded with a gentle touch and a kind word.",
    "exits": {
      "assist_the_healer": "trial_of_compassion",
      "explore_the_garden": "the_secret_grotto",
      "leave_the_garden": "the_crossroads"
    }
  },
  "trial_of_courage": {
    "description": "You stand before the mighty lion, your heart pounding in your chest. The beast regards you with piercing eyes, as if judging the very measure of your soul. To proceed, you must prove your courage in the face of this ultimate challenge.",
    "exits": {
      "face_the_lion_unarmed": "the_lion's_respect",
      "use_weapon": "the_lion's_wrath", 
      "attempt_to_flee": "the_lion's_den"
    }
  },
  "the_armory": {
    "description": "Searching the cave, you discover an ancient armory, filled with dusty weapons and battle-worn shields. Among the relics, you find a gleaming sword that seems to hum with an inner power.",
    "exits": {
      "take_the_sword": "the_lion's_den",
      "search_for_other_weapons": "the_archer's_bow",
      "leave_the_armory": "the_crossroads"
    }
  },
  "the_archer's_bow": {
    "description": "Amidst the weapons in the armory, you uncover a beautifully crafted bow, its wood smooth and warm to the touch. Something tells you that this bow may be the key to defeating the lion.",
    "exits": {
      "take_the_bow": "the_lion's_den",
      "search_for_arrows": "the_armory",
      "leave_the_bow": "the_crossroads"  
    }
  },
  "trial_of_wisdom": {
    "description": "As you approach the ancient sage, he looks up from the tome he is studying and fixes you with a piercing gaze. He asks you a series of riddles and questions, each one more challenging than the last, testing the depth of your knowledge and the sharpness of your intellect.",
    "exits": {
      "answer_the_riddles": "the_sage's_respect",
      "search_for_answers": "the_forbidden_section",
      "admit_defeat": "the_crossroads"
    }
  },
  "the_forbidden_section": {
    "description": "In the deepest recesses of the library, you discover a forbidden section filled with ancient, dark magic tomes. The power emanating from these books is palpable, but you sense that this knowledge comes at a great cost.",
    "exits": {
      "read_the_dark_tomes": "the_dark_revelation",
      "search_for_other_knowledge": "the_sage's_library",
      "leave_the_forbidden_section": "the_crossroads"
    }
  },
  "the_dark_revelation": {
    "description": "As you delve into the forbidden tomes, you uncover ancient secrets and dark revelations that challenge everything you thought you knew. This knowledge could grant you immense power, but at what cost to your soul?",
    "exits": {
      "embrace_the_darkness": "the_sage's_wrath",
      "reject_the_darkness": "the_sage's_library",
      "seek_balance": "trial_of_wisdom"  
    }
  },
  "trial_of_compassion": {
    "description": "The healer asks for your assistance in tending to the sick and the wounded. You spend hours by their bedside, offering comfort and support, your heart filled with empathy for their suffering.",
    "exits": {
      "continue_helping": "the_healer's_gratitude",
      "explore_the_garden": "the_secret_grotto", 
      "leave_the_garden": "the_crossroads"
    }
  },
  "the_secret_grotto": {
    "description": "Deep within the garden, you stumble upon a hidden grotto filled with shimmering crystals and luminescent plants. The air is thick with the scent of magic, and you sense that this place holds a great secret.",
    "exits": {
      "meditate_in_the_grotto": "the_healer's_blessing",
      "search_for_the_secret": "the_crystal_cavern",
      "return_to_the_garden": "the_healer's_garden"  
    }
  },
  "the_crystal_cavern": {
    "description": "Following a winding path, you discover a hidden cavern filled with glowing crystals. The energy in this place is intense and overwhelming, and you sense that these crystals hold the key to unlocking a great power within yourself.",
    "exits": {
      "absorb_the_crystal_energy": "the_healer's_blessing", 
      "search_for_other_secrets": "the_secret_grotto",
      "leave_the_cavern": "the_crossroads"
    }
  },
  "the_lion's_respect": {
    "description": "Through your bravery and determination, you earn the lion's respect. The great beast steps aside, allowing you to pass into the next stage of your journey, your courage tested and proven.",
    "exits": {
      "path_of_wisdom": "the_sage's_library",  
      "path_of_compassion": "the_healer's_garden",
      "continue_on_your_path": "the_champion's_trial"
    }
  },
  "the_lion's_wrath": {
    "description": "The lion, enraged by your use of a weapon, attacks with a fury you've never seen before. You barely escape with your life, realizing that true courage comes from within, not from the tools you wield.",
    "exits": {
      "retreat_to_safety": "the_crossroads",
      "face_the_lion_unarmed": "the_lion's_respect",
      "seek_another_path": "the_healer's_garden"
    }  
  },
  "the_sage's_respect": {
    "description": "The sage, impressed by your wisdom and knowledge, shares with you the secrets of the universe. With this newfound understanding, you feel ready to face the challenges that lie ahead.",
    "exits": {
      "path_of_courage": "the_lion's_den",
      "path_of_compassion": "the_healer's_garden",
      "continue_on_your_path": "the_philosopher's_trial"
    }
  },
  "the_sage's_wrath": {
    "description": "The sage, sensing the darkness you've embraced, casts you out of the library, warning you of the dangers of unchecked power. You realize that true wisdom comes from balance, not from the blind pursuit of knowledge.",
    "exits": {
      "seek_redemption": "the_healer's_garden",
      "embrace_the_darkness": "the_necromancer's_path", 
      "seek_a_new_path": "the_crossroads"
    }
  },
  "the_healer's_gratitude": {
    "description": "The healer, touched by your compassion and selflessness, grants you a powerful blessing. You feel a warmth spreading through your body, healing your wounds and fortifying your spirit for the trials to come.",
    "exits": {
      "path_of_courage": "the_lion's_den",
      "path_of_wisdom": "the_sage's_library",
      "continue_on_your_path": "the_empath's_trial"
    }
  },
  "the_healer's_blessing": {
    "description": "As you meditate in the grotto, you feel a profound sense of peace and unity with all living things. The healer appears before you, granting you a sacred artifact that will guide you on your journey.",
    "exits": {
      "accept_the_artifact": "the_empath's_trial",
      "decline_the_artifact": "the_crossroads",
      "seek_further_guidance": "the_sage's_library"
    }
  },
  "the_necromancer's_path": {
    "description": "Embracing the dark powers, you become a necromancer, feared and reviled by all. Your path is one of isolation and despair, as you realize too late the true cost of the power you've sought.",
    "exits": {}
  },
  "the_champion's_trial": {
    "description": "Your courage has led you to the ultimate test - a battle against a mighty dragon. With your newfound strength and bravery, you face the beast head-on, determined to emerge victorious.",
    "exits": {
      "face_the_dragon": "the_hero's_triumph",
      "seek_wisdom": "the_philosopher's_trial",
      "seek_compassion": "the_empath's_trial"
    }
  },
  "the_philosopher's_trial": {
    "description": "Your wisdom has brought you to the final challenge - a test of your understanding of the fundamental truths of the universe. The sage presents you with a series of complex philosophical dilemmas, each one pushing the boundaries of your intellect and reason.",
    "exits": {
      "solve_the_dilemmas": "the_scholar's_enlightenment",  
      "seek_courage": "the_champion's_trial",
      "seek_compassion": "the_empath's_trial"
    }
  },
  "the_empath's_trial": {
    "description": "Your compassion has led you to the ultimate challenge - a test of your ability to heal not just physical wounds, but emotional and spiritual ones as well. The healer presents you with a series of individuals in need of your help, each one more troubled and broken than the last.",
    "exits": {
      "heal_the_wounded": "the_saint's_ascension",
      "seek_courage": "the_champion's_trial",
      "seek_wisdom": "the_philosopher's_trial"
    }
  },
  "the_hero's_triumph": {
    "description": "Through your courage and strength, you defeat the dragon and emerge as a true hero. The people of the land celebrate your victory, and you know that your journey has come to an end. But as you look to the horizon, you sense that new adventures await, and that your story is far from over.",
    "exits": {}
  },
  "the_scholar's_enlightenment": {
    "description": "With your wisdom and understanding, you solve the sage's final riddle and achieve true enlightenment. The secrets of the universe are laid bare before you, and you feel a profound sense of peace and purpose. You know that your journey has come to an end, but that your knowledge will guide you through whatever lies ahead.",
    "exits": {}
  },
  "the_saint's_ascension": {
    "description": "Through your compassion and selflessness, you heal the wounds of the suffering and bring hope to the hopeless. The people of the land revere you as a saint, and you feel a profound sense of love and unity with all living things. You know that your journey has come to an end, but that your legacy of kindness will endure forever.",
    "exits": {}
    }
  }
}






