{
  "name": "Enigma of the Timekeeper",
  "start_room": "workshop",
  "rooms": {
    "workshop": {
      "name": "The Timekeeper's Workshop",
      "description": "The air is thick with the scent of oil and the rhythmic ticking of countless mechanisms, as you find yourself amidst the chaotic and cluttered workshop of the renowned Timekeeper. Intricate clockwork devices, gears, and pendulums litter every surface, each one a testament to the inventor's mastery over the very fabric of time. In this whimsical cacophony of ticking and whirring, your gaze is drawn to a peculiar device\u2014a brass pocket watch with multiple dials and a mysterious engraving adorning its surface, hinting at secrets yet to be unraveled.\nIn the dim light filtering through the workshop's dusty windows, you can make out the cluttered workbenches, littered with tools, half-assembled contraptions, and scattered blueprints bearing intricate diagrams of esoteric mechanisms. The walls are lined with shelves overflowing with books on temporal theory, clockwork schematics, and ancient tomes bound in cracked leather. In the center of the room, a large table groans under the weight of a massive, half-disassembled clock, its gears and springs spilling onto the floor like the mechanical entrails of some long-forgotten beast.\nAs you peer closer at the intricate inner workings of the disassembled clock, you notice a series of strange runes etched into the brass gears, their meaning inscrutable but undoubtedly holding some profound significance. The air itself seems to hum with the power of the Timekeeper's creations, a subtle vibration that sets your teeth on edge and fills you with a sense of awe and trepidation.",
      "exits": {
        "toward_library": "library",
        "toward_laboratory": "laboratory",
        "down_the_stairs": "basement"
      },
      "skill_check": {
        "dice_type": "1d12",
        "target": 8,
        "success": {
          "description": "Success! With steady hands and keen observation, you carefully examine the brass pocket watch. As you turn the dials in a specific sequence, the watch begins to emit a soft, pulsing glow. You feel a strange sensation wash over you, as if time itself is bending to your will.\nThe glow intensifies, and you begin to perceive the ebb and flow of temporal energies all around you, like currents in an unseen ocean. The very air seems to shimmer and distort, and for a brief moment, you catch a glimpse of what appears to be the workshop as it existed in ages past, its tools and instruments archaic and unfamiliar."
        },
        "failure": {
          "description": "You failed. Despite your best efforts, you cannot seem to decipher the workings of the brass pocket watch. The dials remain stubbornly unresponsive, and the engraving continues to elude your understanding. Perhaps there are clues hidden elsewhere in the Timekeeper's domain.\nFrustrated, you set the watch aside, but as you do, you catch a fleeting glimpse of something out of the corner of your eye\u2014a brief distortion in the air, as if reality itself is wavering. The sensation is gone as quickly as it came, leaving you to wonder if your mind is playing tricks on you, or if you have stumbled upon something far more profound."
        }
      },
      "revisit_count": 2,
      "revisit_content": "Upon revisiting the workshop, your eyes are drawn to a hidden compartment beneath one of the workbenches. Inside, you find a worn, leather-bound journal filled with the Timekeeper's cryptic notes and diagrams. The pages are filled with references to temporal anomalies and the potential dangers of meddling with the fabric of time, hinting at the profound consequences of your actions.\nAs you flip through the journal's yellowed pages, you come across a hastily scribbled note that reads: 'Beware the Timeless Ones, for they seek to unravel the tapestry of existence. The key lies within the heart of the Chronal Engine, but only the purest light shall illuminate the path.' The note fills you with a sense of foreboding, as if some ancient, unfathomable force is working against your efforts to master the Timekeeper's creations.\nBeneath the warning, you find a detailed diagram of a strange, crystalline device, its purpose indecipherable but undoubtedly linked to the Timekeeper's research into the manipulation of temporal energies. Could this be the key to unlocking the power of the Chronal Engine, or merely another layer of the enigma that surrounds this place?"
    },
    "library": {
      "name": "The Temporal Library",
      "description": "You step into a grand library, its walls lined with countless tomes and manuscripts, each one a repository of forgotten knowledge. The air is heavy with the scent of aged paper and the whispers of ancient secrets. In the center of the room stands an imposing grandfather clock, its pendulum swinging with an otherworldly rhythm. The clock face bears strange symbols and glyphs, hinting at the secrets of time travel that lie within its intricate workings.\nAs you gaze around the library, you are struck by the sheer vastness of the knowledge contained within these hallowed walls. Row upon row of bookshelves stretch into the distance, their shelves groaning under the weight of countless volumes, some bound in rich leather, others in crumbling vellum. The titles etched into the spines speak of arcane lore and esoteric disciplines long since forgotten by the modern world. In the far corners of the library, you catch glimpses of towering stacks of scrolls and manuscripts, their contents forever obscured by the ravages of time.\nAs you move deeper into the library, you begin to notice subtle distortions in the air, as if the very fabric of reality is wavering and shifting around you. The shadows seem to elongate and twist, and you catch fleeting glimpses of impossible vistas and alien landscapes flickering at the edges of your vision. The whispers of the ancients grow louder, their voices echoing through the ages, beckoning you to unlock the secrets that lie within these dusty tomes.",
      "exits": {
        "back_to_workshop": "workshop",
        "toward_gallery": "gallery",
        "climb_the_stairs": "library_tower"
      },
      "skill_check": {
        "description": "You must perform a skill check in order to align the grandfather clock's hands and open a temporal portal.",
        "dice_type": "1d20",
        "target": 14,
        "success": {
          "description": "Success! You approach the grandfather clock and study its intricate symbols. With a flash of insight, you realize that the glyphs correspond to specific moments in history. By aligning the clock hands with the correct symbols, you feel a sudden shift in the fabric of reality. The library fades away, replaced by the shimmering vortex of a temporal portal, beckoning you to step into the currents of time itself.\nAs you gaze into the swirling vortex, you catch glimpses of countless eras and civilizations, each one a tantalizing doorway to the secrets of the past and the possibilities of the future. The power of the timestream courses through your veins, and you feel a profound sense of connection to the ebb and flow of existence itself.",
          "room": "temporal_vortex"
        },
        "failure": {
          "description": "You failed. Try as you might, the meaning of the symbols on the grandfather clock remains elusive. The hands refuse to budge, and the clock continues its relentless ticking. You suspect that unlocking its secrets will require a deeper understanding of the Timekeeper's work.\nFrustrated, you turn away from the clock, only to be confronted by a disturbing sight\u2014the library itself seems to be shifting and warping around you, the shelves twisting and contorting into impossible shapes. For a brief moment, you catch a glimpse of what appears to be a vast, cosmic expanse beyond the library's walls, filled with strange, celestial geometries and whispers of unfathomable entities. Just as quickly as it appeared, the vision fades, leaving you shaken and questioning the boundaries of your own perception."
        }
      },
      "revisit_count": 1,
      "revisit_content": "As you return to the library, a ghostly figure materializes before you. It is the Timekeeper himself, his form translucent and flickering. He speaks in cryptic riddles, warning you of the consequences of tampering with the delicate balance of time. The Timekeeper's words echo in your mind, urging caution and wisdom in your temporal explorations, lest you unravel the very fabric of reality.\nBefore vanishing into the ether, the Timekeeper's ghostly form gestures towards a towering bookshelf, where you notice a faint, pulsing glow emanating from one of the ancient tomes. As you approach, the book seems to call out to you, its pages filled with arcane symbols and diagrams detailing the secrets of temporal manipulation. Perhaps this tome holds the key to unlocking the grandfather clock's mysteries.\nAs you reach out to touch the book, a sudden surge of energy ripples through the library, causing the air to shimmer and distort. For a fleeting instant, you catch a glimpse of the library as it existed in ages long past, its shelves stocked with tomes and scrolls from civilizations lost to antiquity. The vision fades as quickly as it appeared, leaving you with a newfound appreciation for the weight of knowledge contained within these hallowed walls."
    },
    "laboratory": {
      "name": "The Chronal Laboratory",
      "description": "You step into a laboratory thrumming with energy. Sparks of electricity arc between strange, whirring devices, and the air crackles with the tang of ozone. At the far end of the room, a massive machine dominates the space\u2014the Timekeeper's crowning achievement, the Chronal Engine. Its gears spin with dizzying speed, and a shimmering portal pulses at its heart, beckoning you to unlock its secrets.\nThe laboratory is a chaotic symphony of mechanical wonders and esoteric devices. Tables and workbenches line the walls, cluttered with an array of delicate instruments, intricately wound clockwork mechanisms, and strange, glowing crystals that seem to pulse with an inner light. In one corner, a massive Tesla coil crackles and hums, its electrical arcs dancing in hypnotic patterns. On the far wall, a complex network of glass tubes and alembics bubbles with mysterious, iridescent liquids, their vapors swirling in the flickering gaslight.\nAs you navigate the labyrinth of equipment and machinery, you can't shake the feeling that you are being watched. The shadows seem to move of their own accord, and the air is thick with the whispers of unseen entities, their voices indistinguishable from the hum of the laboratory's devices. At times, you catch fleeting glimpses of impossible geometries and cosmic vistas flickering at the edges of your vision, hinting at realms far beyond the boundaries of this mortal plane.",
      "exits": {
        "back_to_workshop": "workshop",
        "toward_chronal_engine_room": "chronal_engine_room",
        "through_the_arch": "meditation_chamber"
      },
      "skill_check": {
        "description": "You must perform a skill check to make the necessary adjustments and activate the Chronal Engine.",
        "dice_type": "1d10",
        "target": 7,
        "success": {
          "description": "Success! With a steady hand and a keen understanding of the Timekeeper's notes, you make the necessary adjustments to the Chronal Engine. The machine hums to life, its gears spinning faster and faster. The portal at its center begins to glow with an intense, otherworldly light. You feel the pull of temporal energy, beckoning you to step through and explore the mysteries of time.\nAs the Chronal Engine reaches its full power, you can sense the fabric of reality itself bending and warping around you. The air shimmers and distorts, and for a brief moment, you catch a glimpse of the laboratory as it existed in different eras\u2014first a primitive workshop filled with crude tools and alchemical apparatus, then a sleek, futuristic facility adorned with technology beyond your comprehension. The visions fade as quickly as they appeared, leaving you with a newfound appreciation for the sheer scope of the Timekeeper's work.",
          "room": "chronal_engine_room"
        },
        "failure": {
          "description": "You failed. Despite your best efforts, the Chronal Engine remains unresponsive to your tinkering. The machine sputters and sparks, refusing to activate. It seems that the Timekeeper's creation requires a specific key or catalyst to function properly. Perhaps the answer lies hidden somewhere within the laboratory itself.\nFrustrated, you step back from the engine, only to be confronted by a disturbing sight\u2014the laboratory itself seems to be shifting and warping around you, the equipment and machinery twisting into bizarre, impossible configurations. For a brief moment, you catch a glimpse of what appears to be a vast, cosmic expanse beyond the laboratory's walls, filled with strange, celestial geometries and whispers of unfathomable entities. Just as quickly as it appeared, the vision fades, leaving you shaken and questioning the boundaries of your own perception."
        }
      },
      "revisit_count": 3,
      "revisit_content": "Upon your third visit to the laboratory, you notice a small, ornate key hanging from a chain around the neck of a brass automaton. The automaton whirs to life and speaks in a tinny voice: 'The key to unlocking the Chronal Engine lies within the heart of time itself. Seek the Eternal Hourglass, and let its sands guide your path.' The automaton falls silent, leaving you to ponder the cryptic message.\nAs you turn to leave, your gaze falls upon a dusty tome lying open on one of the workbenches. Its pages are filled with intricate diagrams and equations, detailing the theoretical principles that govern the flow of time and the potential for harnessing its power. Perhaps within these pages lies the knowledge you seek to master the Chronal Engine and unlock the secrets of the Eternal Hourglass.\nAs you reach out to touch the tome, the air around you begins to shimmer and distort, and for a fleeting instant, you catch a glimpse of the laboratory as it existed in a distant era\u2014its equipment and devices archaic and unfamiliar, yet undoubtedly the precursors to the Timekeeper's advanced creations. The vision fades as quickly as it appeared, leaving you with a newfound appreciation for the weight of history and the cyclical nature of knowledge."
    },
    "gallery": {
      "name": "The Gallery of Lost Moments",
      "description": "You find yourself in a long, echoing gallery, its walls adorned with paintings that seem to shift and change before your eyes. Each artwork depicts a frozen moment in time, a glimpse into the lives of those long past. As you move deeper into the gallery, you notice a shimmering, translucent barrier blocking your path. Beyond the barrier, you catch a fleeting glimpse of a magnificent hourglass, its sands flowing in defiance of gravity.\nThe gallery is bathed in a soft, ethereal light that seems to emanate from the very canvases themselves. The paintings are not mere static images, but rather windows into other worlds, other times. As you gaze upon them, you can almost hear the whispers of the past, the echoes of lives lived and lost, etched into the brushstrokes. In one painting, a grand ball unfolds, the ladies in their flowing gowns and the gentlemen in their finest attire, frozen mid-dance. In another, a great battle rages, the clash of swords and the thunder of hooves frozen in a single, timeless moment.\nAs you move closer to the shimmering barrier, you can sense the power of the Eternal Hourglass pulsing beyond, its temporal energies distorting the very fabric of reality around you. The air shimmers and warps, and you catch fleeting glimpses of impossible vistas and alien landscapes flickering at the edges of your vision. The whispers of the ancients grow louder, their voices echoing through the ages, beckoning you to unlock the secrets that lie beyond the barrier.",
      "exits": {
        "back_to_library": "library"
      },
      "skill_check": {
        "description": "You must perform a skill check to pass through the barrier and reach the Eternal Hourglass.",
        "dice_type": "1d8",
        "target": 5,
        "success": {
          "description": "Success! You approach the shimmering barrier and, with a touch of your hand, it ripples and parts like a curtain of mist. You step through, finding yourself standing before the Eternal Hourglass. Its sands glow with an inner light, and you feel the weight of ages pressing upon you. As you reach out to touch the hourglass, a sudden realization dawns on you\u2014the key to mastering time itself lies within your grasp.\nAs your fingers brush against the Eternal Hourglass, you feel a surge of temporal energy coursing through your veins. The world around you seems to shift and distort, and for a brief moment, you catch glimpses of countless eras and civilizations, each one a fleeting fragment of the vast tapestry of existence.\nIn one vision, you find yourself standing in the midst of a bustling Renaissance city, its streets filled with scholars and artisans. In another, you witness the birth of a new star, its brilliance searing the depths of the cosmos. The visions fade as quickly as they appear, but you are left with a profound sense of connection to the ebb and flow of time itself."
        },
        "failure": {
          "description": "You failed. Despite your best efforts, the shimmering barrier remains impenetrable. Your hands pass through it like smoke, leaving you grasping at nothing. It seems that accessing the Eternal Hourglass will require more than mere physical force. Perhaps there is a deeper mystery at play, one that demands a keener understanding of the nature of time itself.\nFrustrated, you turn away from the barrier, only to be confronted by a disturbing sight\u2014the gallery itself seems to be shifting and warping around you, the paintings twisting and contorting into impossible shapes. For a brief moment, you catch a glimpse of what appears to be a vast, cosmic expanse beyond the gallery's walls, filled with strange, celestial geometries and whispers of unfathomable entities. Just as quickly as it appeared, the vision fades, leaving you shaken and questioning the boundaries of your own perception."
        }
      },
      "revisit_count": 2,
      "revisit_content": "As you return to the gallery, you find that the paintings have changed. Where once there were scenes of joy and triumph, now there are visions of sorrow and despair. You realize that the gallery is a reflection of the ever-shifting tides of history, a testament to the profound impact that even the smallest actions can have on the tapestry of time.\nIn one particularly haunting painting, you see a desolate landscape, the earth scorched and barren, the sky choked with ash. In the distance, the crumbling ruins of a once-great city loom, a grim reminder of the consequences of unchecked ambition and the misuse of temporal powers. A chill runs down your spine as you realize that this could be a warning, a glimpse into a potential future should you fail to wield the Timekeeper's legacy with wisdom and restraint.\nAs you turn to leave the gallery, the air around you begins to shimmer and distort, and for a fleeting instant, you catch a glimpse of the gallery as it existed in a distant era\u2014its walls adorned with paintings and tapestries depicting scenes and civilizations long since lost to the ravages of time. The vision fades as quickly as it appeared, leaving you with a newfound appreciation for the weight of history and the cyclical nature of knowledge."
    },
    "basement": {
      "name": "The Timekeeper's Basement",
      "description": "Descending a winding staircase, you find yourself in the Timekeeper's basement, a vast, dimly lit chamber filled with strange, humming machines and esoteric devices. The air is thick with the scent of ozone and the faint whir of gears and mechanisms.\nIn the center of the chamber stands a massive, brass contraption, its intricate clockwork innards visible through a series of glass panels. The machine seems to pulse with an inner light, and you can almost sense the power of temporal energies thrumming within its core.\nAlong the walls, you notice row upon row of strange, glowing crystals, each one emitting a faint, otherworldly hum. Workbenches and tables are strewn with half-finished projects, tools, and diagrams, hinting at the Timekeeper's tireless efforts to unravel the secrets of the universe.",
      "exits": {
        "up_the_stairs": "workshop",
        "through_the_archway": "time_sphere_chamber"
      },
      "skill_check": {
        "description": "You must perform a skill check to decipher the Timekeeper's notes and activate the central machine.",
        "dice_type": "1d6",
        "target": 4,
        "success": {
          "description": "Success! After carefully studying the Timekeeper's notes and schematics, you manage to activate the central machine. The brass contraption whirs to life, its gears and mechanisms spinning with increasing speed. Suddenly, a brilliant flash of light erupts from the machine's core, and a shimmering portal materializes before you, its surface rippling like water.\nPeering into the depths of the portal, you catch fleeting glimpses of other times and realms\u2014a lush, primordial jungle teeming with prehistoric beasts; a desolate, post-apocalyptic wasteland; a sleek, futuristic cityscape of gleaming spires and hovering vehicles. The visions are tantalizing, each one a potential destination in your temporal journey.",
          "room": "time_sphere"
        },
        "failure": {
          "description": "You failed. Despite your best efforts, the Timekeeper's notes and diagrams remain indecipherable, and the central machine refuses to activate. Frustrated, you step back from the contraption, only to notice a strange, pulsing light emanating from one of the glowing crystals lining the walls.\nAs you approach the crystal, the air around you begins to shimmer and distort, and for a brief moment, you catch a glimpse of the basement as it existed in a distant era\u2014its machines and devices archaic and unfamiliar, yet undoubtedly the precursors to the Timekeeper's advanced creations. The vision fades as quickly as it appeared, leaving you with a newfound appreciation for the weight of history and the cyclical nature of knowledge, but no closer to unlocking the secrets of the central machine."
        }
      },
      "revisit_count": 1,
      "revisit_content": "Upon revisiting the basement, you notice that the central machine has undergone a strange transformation. Where once it was a massive, brass contraption, it now appears to be a sleek, futuristic device, its surface gleaming with strange, alien alloys and pulsing with an otherworldly light.\nAs you approach the machine, you catch a fleeting glimpse of the basement as it will exist in a distant future era, its walls lined with advanced technology beyond your comprehension. The vision fades, leaving you with a sense of awe and trepidation at the sheer scope of the Timekeeper's work, and the weight of the responsibility that comes with mastering the flow of time itself."
    },
    "time_sphere_chamber": {
      "name": "The Time Sphere Chamber",
      "description": "Passing through the archway, you find yourself in a cavernous chamber, its walls and ceiling stretching into the darkness. In the center of the room, a massive, glowing sphere hovers in midair, its surface shimmering with iridescent hues and flickering with what appear to be visions of other times and realms.\nAs you approach the Time Sphere, you can sense the immense power radiating from its core, a palpable force that seems to bend and distort the very fabric of reality around you. The air is thick with the whispers of countless eras and civilizations, their voices echoing through the vast expanse of the chamber.\nBeneath the Time Sphere, you notice a series of strange, crystalline pedestals arranged in a circular pattern. Each pedestal is inscribed with esoteric symbols and glyphs, hinting at their role in controlling the Sphere's temporal energies.",
      "exits": {
        "back_to_basement": "basement"
      },
      "skill_check": {
        "description": "You must perform a skill check to decipher the symbols on the pedestals and unlock the Time Sphere's full potential.",
        "dice_type": "1d20",
        "target": 16,
        "success": {
          "description": "Success! Carefully studying the symbols and glyphs inscribed on the pedestals, you begin to discern their meaning and function. With a steady hand, you manipulate the crystalline controls, aligning them in a specific sequence.\nThe Time Sphere responds to your efforts, its surface rippling and distorting as it taps into the vast energies of the timestream. The visions flickering across its surface intensify, revealing tantalizing glimpses of countless eras and realms\u2014a verdant, primordial world teeming with massive, prehistoric beasts; a desolate, post-apocalyptic wasteland where ruined cities lie buried beneath shifting dunes; a sleek, futuristic metropolis of gleaming spires and hovering vehicles.\nYou feel the immense power of the Time Sphere coursing through your veins, and you realize that you now possess the ability to traverse the vast expanse of time and space, to bear witness to the pivotal moments that have shaped the very fabric of existence. The weight of this responsibility is staggering, but you are filled with a profound sense of purpose and determination to wield this power wisely and unlock the secrets of the universe.",
          "ending": {
            "description": "Congratulations! You have unlocked the full potential of the Time Sphere and gained mastery over the very currents of time itself. With this power comes a great responsibility\u2014to preserve the delicate balance of cause and effect, to ensure that the tapestry of history remains unbroken, and to wield your newfound knowledge with wisdom and restraint.\nAs you gaze into the depths of the Time Sphere, you catch a fleeting glimpse of a desolate, post-apocalyptic future, a chilling reminder of the consequences of unchecked ambition and the misuse of temporal powers. But you also see visions of wondrous possibilities, of civilizations and technologies beyond your wildest imaginings, waiting to be discovered across the vast expanse of the timestream.\nThe legacy of the Timekeeper now rests upon your shoulders, a sacred duty to safeguard the integrity of the universe and to ensure that the flow of time remains unbroken. With a steadfast heart and a keen mind, you embark on a journey that will take you to the farthest reaches of existence, bearing witness to the pivotal moments that have shaped the tapestry of reality itself.\nThe boundaries of space and time are now yours to traverse, but remember: every action, no matter how small, echoes through the ages. Choose your path wisely, for the fate of the cosmos rests in your hands."
          }
        },
        "failure": {
          "description": "You failed. Despite your best efforts, the symbols and glyphs inscribed on the pedestals remain indecipherable, their meaning and function a tantalizing enigma. Frustrated, you step back from the Time Sphere, only to be confronted by a disturbing sight.\nThe chamber around you begins to twist and warp, the walls and ceiling seeming to stretch and contort into impossible shapes. For a brief moment, you catch a glimpse of what appears to be a vast, cosmic expanse beyond the chamber's boundaries, filled with strange, celestial geometries and whispers of unfathomable entities. The vision fades as quickly as it appeared, leaving you shaken and questioning the boundaries of your own perception.\nAs you turn to leave the chamber, you catch a fleeting glimpse of the Time Sphere as it existed in a distant era, its surface flickering with visions of civilizations and technologies long since lost to the ravages of time. The weight of the knowledge you have yet to unlock presses upon you, but you are filled with a renewed sense of determination to unravel the mysteries of the Timekeeper's legacy, no matter the cost."
        }
      }
    },
    "library_tower": {
      "name": "The Library Tower",
      "description": "Climbing a winding staircase, you emerge into a towering spire that rises above the Temporal Library. The air is thick with the scent of aged parchment and the whispers of forgotten lore, and the walls are lined with shelves overflowing with ancient tomes and scrolls.\nIn the center of the tower, a massive, brass orrery dominates the space, its intricate gears and mechanisms representing the motions of celestial bodies and the flow of time itself. As you approach the orrery, you notice a series of strange, crystalline controls and dials adorning its surface, their purpose a tantalizing enigma.\nThrough the tower's arched windows, you can catch glimpses of the Timekeeper's domain stretching out in every direction, a vast expanse of impossible architectures and distorted landscapes, hinting at the profound impact the manipulation of temporal energies has had upon this place.",
      "exits": {
        "down_the_stairs": "library"
      },
      "skill_check": {
        "description": "You must perform a skill check to decipher the controls of the orrery and unlock its temporal powers.",
        "dice_type": "1d12",
        "target": 10,
        "success": {
          "description": "Success! After careful study and experimentation, you begin to discern the function of the orrery's controls and dials. With a steady hand, you manipulate the crystalline mechanisms, aligning them in a specific sequence.\nThe orrery responds to your efforts, its gears and mechanisms whirring to life as it taps into the vast energies of the timestream. The air around you begins to shimmer and distort, and you catch fleeting glimpses of other eras and realms flickering at the edges of your vision\u2014a verdant, primordial world teeming with massive, prehistoric beasts; a desolate, post-apocalyptic wasteland where ruined cities lie buried beneath shifting dunes; a sleek, futuristic metropolis of gleaming spires and hovering vehicles.\nYou feel the immense power of the orrery coursing through your veins, and you realize that you now possess the ability to traverse the vast expanse of time and space, to bear witness to the pivotal moments that have shaped the very fabric of existence. The weight of this responsibility is staggering, but you are filled with a profound sense of purpose and determination to wield this power wisely and unlock the secrets of the universe.",
          "room": "orrery_control"
        },
        "failure": {
          "description": "You failed. Despite your best efforts, the orrery's controls and mechanisms remain stubbornly inscrutable, their secrets tantalizingly out of reach. Frustrated, you step back from the device, only to be confronted by a disturbing sight.\nThe tower around you begins to twist and warp, the walls and ceiling seeming to stretch and contort into impossible shapes. For a brief moment, you catch a glimpse of what appears to be a vast, cosmic expanse beyond the tower's boundaries, filled with strange, celestial geometries and whispers of unfathomable entities. The vision fades as quickly as it appeared, leaving you shaken and questioning the boundaries of your own perception.\nAs you turn to leave the tower, you catch a fleeting glimpse of the orrery as it existed in a distant era, its mechanisms archaic and unfamiliar, yet undoubtedly the precursor to the Timekeeper's advanced creation. The weight of the knowledge you have yet to unlock presses upon you, but you are filled with a renewed sense of determination to unravel the mysteries of the Timekeeper's legacy, no matter the cost."
        }
      },
      "revisit_count": 2,
      "revisit_content": "Upon revisiting the library tower, you notice that the orrery has undergone a strange transformation. Where once it was a massive, brass device adorned with intricate gears and mechanisms, it now appears to be a sleek, futuristic construct, its surface gleaming with strange, alien alloys and pulsing with an otherworldly light.\nAs you approach the orrery, you catch a fleeting glimpse of the tower as it will exist in a distant future era, its walls lined with advanced technology beyond your comprehension. The vision fades, leaving you with a sense of awe and trepidation at the sheer scope of the Timekeeper's work, and the weight of the responsibility that comes with mastering the flow of time itself.\nPerhaps, in this future incarnation of the tower, the secrets of the orrery's controls will finally be revealed, unlocking the full potential of its temporal powers."
    },
    "meditation_chamber": {
      "name": "The Meditation Chamber",
      "description": "Passing through the archway, you find yourself in a vast, dimly lit chamber, its walls and ceiling stretching into the shadows. The air is thick with the scent of smoldering incense and the whispers of ancient rituals long since forgotten.\nIn the center of the chamber, a massive, crystalline sculpture dominates the space, its facets refracting the dim light into a kaleidoscope of shimmering hues. The sculpture seems to pulse with an inner light, as if imbued with some profound, cosmic energy.\nAround the periphery of the chamber, you notice a series of strange, crystalline pedestals arranged in a circular pattern. Each pedestal is adorned with esoteric symbols and glyphs, hinting at their role in harnessing and channeling the profound energies that permeate this place.",
      "exits": {
        "back_to_laboratory": "laboratory"
      },
      "skill_check": {
        "description": "You must perform a skill check to decipher the symbols on the pedestals and unlock the chamber's hidden power.",
        "dice_type": "1d8",
        "target": 6,
        "success": {
          "description": "Success! Carefully studying the symbols and glyphs inscribed on the pedestals, you begin to discern their meaning and function. With a steady hand, you manipulate the crystalline controls, aligning them in a specific sequence.\nThe chamber responds to your efforts, the crystalline sculpture at its center beginning to pulse and throb with increasing intensity. The air around you grows thick with an almost palpable energy, distorting the very fabric of reality around you.\nSuddenly, the sculpture erupts in a brilliant flash of light, and you find yourself propelled into a vast, swirling vortex of energy and color. Visions of countless eras and realms flicker before your eyes\u2014a verdant, primordial world teeming with massive, prehistoric beasts; a desolate, post-apocalyptic wasteland where ruined cities lie buried beneath shifting dunes; a sleek, futuristic metropolis of gleaming spires and hovering vehicles.\nYou feel the immense power of the temporal energies coursing through your very being, and you realize that you now possess the ability to transcend the boundaries of time and space, to bear witness to the pivotal moments that have shaped the very fabric of existence. The weight of this responsibility is staggering, but you are filled with a profound sense of purpose and determination to wield this power wisely and unlock the secrets of the universe.",
          "ending": {
            "description": "Congratulations! You have unlocked the hidden power of the Meditation Chamber and gained the ability to transcend the boundaries of time and space. With this power comes a great responsibility\u2014to preserve the delicate balance of cause and effect, to ensure that the tapestry of history remains unbroken, and to wield your newfound knowledge with wisdom and restraint.\nAs you gaze into the swirling vortex of temporal energies, you catch a fleeting glimpse of a desolate, post-apocalyptic future, a chilling reminder of the consequences of unchecked ambition and the misuse of temporal powers. But you also see visions of wondrous possibilities, of civilizations and technologies beyond your wildest imaginings, waiting to be discovered across the vast expanse of the timestream.\nThe legacy of the Timekeeper now rests upon your shoulders, a sacred duty to safeguard the integrity of the universe and to ensure that the flow of time remains unbroken. With a steadfast heart and a keen mind, you embark on a journey that will take you to the farthest reaches of existence, bearing witness to the pivotal moments that have shaped the tapestry of reality itself.\nThe boundaries of space and time are now yours to traverse, but remember: every action, no matter how small, echoes through the ages. Choose your path wisely, for the fate of the cosmos rests in your hands."
          }
        },
        "failure": {
          "description": "You failed. Despite your best efforts, the symbols and glyphs inscribed on the pedestals remain indecipherable, their meaning and function a tantalizing enigma. Frustrated, you step back from the crystalline sculpture, only to be confronted by a disturbing sight.\nThe chamber around you begins to twist and warp, the walls and ceiling seeming to stretch and contort into impossible shapes. For a brief moment, you catch a glimpse of what appears to be a vast, cosmic expanse beyond the chamber's boundaries, filled with strange, celestial geometries and whispers of unfathomable entities. The vision fades as quickly as it appeared, leaving you shaken and questioning the boundaries of your own perception.\nAs you turn to leave the chamber, you catch a fleeting glimpse of the crystalline sculpture as it existed in a distant era, its form archaic and unfamiliar, yet undoubtedly the precursor to the Timekeeper's advanced creation. The weight of the knowledge you have yet to unlock presses upon you, but you are filled with a renewed sense of determination to unravel the mysteries of the Timekeeper's legacy, no matter the cost."
        }
      }
    },
    "temporal_vortex": {
      "name": "The Temporal Vortex",
      "description": "You find yourself adrift in a swirling vortex of time, moments and events from across the ages blurring together in a dizzying kaleidoscope. The fabric of reality stretches and warps around you, and you feel the immense power of the timestream coursing through your veins. Ahead, you see glimpses of different eras and civilizations, each one a potential destination in your temporal journey.\nA foggy street in Victorian London beckons you, the clatter of horse-drawn carriages echoing through the mist.\nThe golden sands of ancient Egypt shimmer before you, the silhouettes of towering pyramids rising against the horizon.\nA sleek, neon-lit cityscape of the far future looms ahead, its towering skyscrapers reaching towards the stars.\nAs you gaze into the swirling vortex, you can sense the weight of countless epochs and civilizations pressing in upon you. The whispers of the ancients grow louder, their voices echoing through the ages, beckoning you to explore the infinite possibilities that lie within the currents of time.",
      "exits": {
        "victorian_london": "A foggy street in Victorian London beckons you, the clatter of horse-drawn carriages echoing through the mist.",
        "ancient_egypt": "The golden sands of ancient Egypt shimmer before you, the silhouettes of towering pyramids rising against the horizon.",
        "far_future": "A sleek, neon-lit cityscape of the far future looms ahead, its towering skyscrapers reaching towards the stars.",
        "back_to_library": "library"
      },
      "skill_check": {
        "description": "You must perform a skill check to navigate the temporal vortex and reach your desired destination.",
        "dice_type": "1d12",
        "target": 9,
        "success": {
          "description": "Success! With a focused mind and an unwavering determination, you navigate the swirling currents of the temporal vortex. You steer yourself towards the era of your choosing, the power of the timestream bending to your will. As you cross the threshold, you feel a momentary disorientation before the world solidifies around you, the sights and sounds of a different age flooding your senses.\nAs you emerge from the vortex, you find yourself standing in the midst of a bustling metropolis, its streets filled with strange sights and sounds. The air is thick with the scent of unfamiliar spices and the hum of alien technology, and the towering spires of impossibly advanced architecture loom overhead. For a brief moment, you catch a glimpse of what appears to be a vast, cosmic expanse beyond the city's boundaries, filled with strange, celestial geometries and whispers of unfathomable entities. The vision fades as quickly as it appeared, leaving you exhilarated and eager to explore the wonders of this new era."
        },
        "failure": {
          "description": "You failed. The temporal vortex proves too chaotic to control, and you find yourself buffeted by the relentless tides of time. Moments and memories flash before your eyes in a dizzying sequence, threatening to overwhelm your mind. With a desperate effort, you wrench yourself free from the vortex's grasp, tumbling back into the Timekeeper's library, your temporal journey cut short by the capricious whims of fate.\nAs you regain your bearings, you catch a fleeting glimpse of strange, cosmic geometries and whispers of unfathomable entities flickering at the edges of your vision. The visions fade as quickly as they appeared, leaving you shaken and questioning the boundaries of your own perception."
        }
      }
    },
    "chronal_engine_room": {
      "name": "The Heart of the Chronal Engine",
      "description": "You step into the heart of the Chronal Engine, a vast, pulsing chamber filled with swirling energies and the deafening thrum of temporal gears. At the center of the room, a massive crystal hovers in midair, its facets gleaming with the trapped light of countless ages. You realize that this is the very core of the Timekeeper's machine, the nexus point from which all of time flows.\nThe chamber itself is a marvel of engineering and arcane technology, a testament to the Timekeeper's genius and obsession. The walls are lined with intricate clockwork mechanisms, each one a complex array of gears, springs, and levers, all working in perfect synchronicity. Glowing conduits of energy crisscross the ceiling, pulsing with an otherworldly light that seems to bend and distort the very fabric of reality. Beneath your feet, the floor is a lattice of transparent panels, revealing the intricate machinery that powers the Chronal Engine's massive heart.",
      "exits": {
        "back_to_laboratory": "laboratory"
      },
      "skill_check": {
        "description": "You must perform a skill check to unlock the full potential of the Chronal Engine.",
        "dice_type": "1d20",
        "target": 18,
        "success": {
          "description": "Success! With the sands of time in your possession, you approach the central crystal and pour the glowing grains into a small aperture. The crystal begins to pulse with an inner light, and the Chronal Engine roars to life around you. You feel the fabric of time quivering in anticipation, the boundaries between eras blurring and fading away. With a sense of profound understanding, you realize that you have unlocked the ultimate secret of the Timekeeper\u2014the power to shape the very course of history itself.\nAs the Chronal Engine reaches its full potential, the chamber around you seems to dissolve into a swirling vortex of temporal energies. You catch fleeting glimpses of countless eras and civilizations, each one a fragment of the vast tapestry of existence. In one vision, you witness the birth of a new star, its brilliance searing the depths of the cosmos. In another, you find yourself standing in the midst of a bustling Renaissance city, its streets filled with scholars and artisans. The visions fade as quickly as they appear, but you are left with a profound sense of connection to the ebb and flow of time itself, and a newfound appreciation for the weight of responsibility that comes with mastering its power.",
          "ending": {
            "description": "Congratulations! You have unlocked the full potential of the Chronal Engine and gained mastery over the very currents of time itself. With this power comes a great responsibility\u2014to preserve the delicate balance of cause and effect, to ensure that the tapestry of history remains unbroken, and to wield your newfound knowledge with wisdom and restraint.\nAs you gaze into the swirling vortex of temporal energies, you catch a fleeting glimpse of a desolate, post-apocalyptic future, a chilling reminder of the consequences of unchecked ambition and the misuse of temporal powers. But you also see visions of wondrous possibilities, of civilizations and technologies beyond your wildest imaginings, waiting to be discovered across the vast expanse of the timestream.\nThe legacy of the Timekeeper now rests upon your shoulders, a sacred duty to safeguard the integrity of the universe and to ensure that the flow of time remains unbroken. With a steadfast heart and a keen mind, you embark on a journey that will take you to the farthest reaches of existence, bearing witness to the pivotal moments that have shaped the tapestry of reality itself.\nThe boundaries of space and time are now yours to traverse, but remember: every action, no matter how small, echoes through the ages. Choose your path wisely, for the fate of the cosmos rests in your hands."
          }
        },
        "failure": {
          "description": "You failed. Despite possessing the sands of time, you find yourself unable to unlock the full potential of the Chronal Engine. The central crystal remains dormant, its secrets tantalizingly out of reach. You realize that the Timekeeper's creation requires more than just the right components\u2014it demands a true understanding of the intricacies of time, a wisdom that you have yet to fully grasp. With a heavy heart, you step back from the engine, knowing that your journey is not yet complete. There are still mysteries to unravel and lessons to learn before you can truly claim mastery over the temporal tides.\nAs you turn to leave the chamber, you catch a fleeting glimpse of strange, cosmic geometries and whispers of unfathomable entities flickering at the edges of your vision. The visions fade as quickly as they appeared, leaving you shaken and questioning the boundaries of your own perception, and the true nature of the forces at work within the Chronal Engine."
        }
      }
    },
    "orrery_control": {
      "name": "The Orrery Control Room",
      "description": "Having unlocked the secrets of the orrery's controls, you find yourself transported to a vast, cavernous chamber. The walls and ceiling seem to stretch into infinity, their surfaces shimmering with strange, cosmic geometries and flickering vistas of alien landscapes.\nIn the center of the chamber, the orrery hovers in midair, its intricate mechanisms whirring and pulsing with an otherworldly light. As you approach, the device seems to respond to your presence, its gears and dials shifting and realigning as if guided by an unseen force.\nBeneath the orrery, a series of crystalline control pedestals rise from the floor, each one inscribed with esoteric symbols and glyphs that hint at their ability to manipulate the very fabric of space and time.",
      "exits": {},
      "skill_check": {
        "description": "You must perform a skill check to manipulate the orrery's controls and unlock its full temporal potential.",
        "dice_type": "1d20",
        "target": 15,
        "success": {
          "description": "Success! With a steady hand and a keen understanding of the orrery's controls, you begin to manipulate the crystalline pedestals, aligning them in a complex sequence. The orrery responds to your efforts, its mechanisms whirring and pulsing with increasing intensity.\nSuddenly, the chamber around you seems to dissolve into a swirling vortex of temporal energies. You catch fleeting glimpses of countless eras and civilizations, each one a fragment of the vast tapestry of existence. In one vision, you witness the birth of a new star, its brilliance searing the depths of the cosmos. In another, you find yourself standing in the midst of a bustling Renaissance city, its streets filled with scholars and artisans. The visions fade as quickly as they appear, but you are left with a profound sense of connection to the ebb and flow of time itself, and a newfound appreciation for the weight of responsibility that comes with mastering its power.",
          "ending": {
            "description": "Congratulations! You have unlocked the full potential of the orrery and gained mastery over the very currents of time itself. With this power comes a great responsibility\u2014to preserve the delicate balance of cause and effect, to ensure that the tapestry of history remains unbroken, and to wield your newfound knowledge with wisdom and restraint.\nAs you gaze into the swirling vortex of temporal energies, you catch a fleeting glimpse of a desolate, post-apocalyptic future, a chilling reminder of the consequences of unchecked ambition and the misuse of temporal powers. But you also see visions of wondrous possibilities, of civilizations and technologies beyond your wildest imaginings, waiting to be discovered across the vast expanse of the timestream.\nThe legacy of the Timekeeper now rests upon your shoulders, a sacred duty to safeguard the integrity of the universe and to ensure that the flow of time remains unbroken. With a steadfast heart and a keen mind, you embark on a journey that will take you to the farthest reaches of existence, bearing witness to the pivotal moments that have shaped the tapestry of reality itself.\nThe boundaries of space and time are now yours to traverse, but remember: every action, no matter how small, echoes through the ages. Choose your path wisely, for the fate of the cosmos rests in your hands."
          }
        },
        "failure": {
          "description": "You failed. Despite your best efforts, the orrery's controls remain stubbornly inscrutable, their secrets tantalizingly out of reach. Frustrated, you step back from the device, only to be confronted by a disturbing sight.\nThe chamber around you begins to twist and warp, the walls and ceiling seeming to stretch and contort into impossible shapes. For a brief moment, you catch a glimpse of what appears to be a vast, cosmic expanse beyond the chamber's boundaries, filled with strange, celestial geometries and whispers of unfathomable entities. The vision fades as quickly as it appeared, leaving you shaken and questioning the boundaries of your own perception.\nAs you turn to leave the chamber, you catch a fleeting glimpse of the orrery as it existed in a distant era, its mechanisms archaic and unfamiliar, yet undoubtedly the precursor to the Timekeeper's advanced creation. The weight of the knowledge you have yet to unlock presses upon you, but you are filled with a renewed sense of determination to unravel the mysteries of the Timekeeper's legacy, no matter the cost."
        }
      }
    },
    "time_sphere": {
      "name": "The Time Sphere",
      "description": "Peering into the shimmering portal, you find yourself transported to a vast, cavernous chamber, its walls and ceiling stretching into infinity. In the center of the chamber, a massive, glowing sphere hovers in midair, its surface flickering with visions of countless eras and realms.\nAs you approach the Time Sphere, you can sense the immense power radiating from its core, a palpable force that seems to bend and distort the very fabric of reality around you. The air is thick with the whispers of countless eras and civilizations, their voices echoing through the vast expanse of the chamber.\nBeneath the Time Sphere, you notice a series of strange, crystalline pedestals arranged in a circular pattern. Each pedestal is inscribed with esoteric symbols and glyphs, hinting at their role in controlling the Sphere's temporal energies.",
      "exits": {
        "back_to_basement": "basement"
      },
      "skill_check": {
        "description": "You must perform a skill check to decipher the symbols on the pedestals and unlock the Time Sphere's full potential.",
        "dice_type": "1d20",
        "target": 16,
        "success": {
          "description": "Success! Carefully studying the symbols and glyphs inscribed on the pedestals, you begin to discern their meaning and function. With a steady hand, you manipulate the crystalline controls, aligning them in a specific sequence.\nThe Time Sphere responds to your efforts, its surface rippling and distorting as it taps into the vast energies of the timestream. The visions flickering across its surface intensify, revealing tantalizing glimpses of countless eras and realms\u2014a verdant, primordial world teeming with massive, prehistoric beasts; a desolate, post-apocalyptic wasteland where ruined cities lie buried beneath shifting dunes; a sleek, futuristic metropolis of gleaming spires and hovering vehicles.\nYou feel the immense power of the Time Sphere coursing through your veins, and you realize that you now possess the ability to traverse the vast expanse of time and space, to bear witness to the pivotal moments that have shaped the very fabric of existence. The weight of this responsibility is staggering, but you are filled with a profound sense of purpose and determination to wield this power wisely and unlock the secrets of the universe.",
          "ending": {
            "description": "Congratulations! You have unlocked the full potential of the Time Sphere and gained mastery over the very currents of time itself. With this power comes a great responsibility\u2014to preserve the delicate balance of cause and effect, to ensure that the tapestry of history remains unbroken, and to wield your newfound knowledge with wisdom and restraint.\nAs you gaze into the depths of the Time Sphere, you catch a fleeting glimpse of a desolate, post-apocalyptic future, a chilling reminder of the consequences of unchecked ambition and the misuse of temporal powers. But you also see visions of wondrous possibilities, of civilizations and technologies beyond your wildest imaginings, waiting to be discovered across the vast expanse of the timestream.\nThe legacy of the Timekeeper now rests upon your shoulders, a sacred duty to safeguard the integrity of the universe and to ensure that the flow of time remains unbroken. With a steadfast heart and a keen mind, you embark on a journey that will take you to the farthest reaches of existence, bearing witness to the pivotal moments that have shaped the tapestry of reality itself.\nThe boundaries of space and time are now yours to traverse, but remember: every action, no matter how small, echoes through the ages. Choose your path wisely, for the fate of the cosmos rests in your hands."
          }
        },
        "failure": {
          "description": "You failed. Despite your best efforts, the symbols and glyphs inscribed on the pedestals remain indecipherable, their meaning and function a tantalizing enigma. Frustrated, you step back from the Time Sphere, only to be confronted by a disturbing sight.\nThe chamber around you begins to twist and warp, the walls and ceiling seeming to stretch and contort into impossible shapes. For a brief moment, you catch a glimpse of what appears to be a vast, cosmic expanse beyond the chamber's boundaries, filled with strange, celestial geometries and whispers of unfathomable entities. The vision fades as quickly as it appeared, leaving you shaken and questioning the boundaries of your own perception.\nAs you turn to leave the chamber, you catch a fleeting glimpse of the Time Sphere as it existed in a distant era, its surface flickering with visions of civilizations and technologies long since lost to the ravages of time. The weight of the knowledge you have yet to unlock presses upon you, but you are filled with a renewed sense of determination to unravel the mysteries of the Timekeeper's legacy, no matter the cost."
        }
      }
    }
  }
}