{
    "name":"Enigma of the Timekeeper",
    "start_room":"workshop",
    "rooms":{
       "workshop":{
          "name":"The Timekeeper's Workshop",
          "description":"The air is thick with the scent of oil and the rhythmic ticking of countless mechanisms, as you find yourself amidst the chaotic and cluttered workshop of the renowned Timekeeper. Intricate clockwork devices, gears, and pendulums litter every surface, each one a testament to the inventor's mastery over the very fabric of time. In this whimsical cacophony of ticking and whirring, your gaze is drawn to a peculiar device—a brass pocket watch with multiple dials and a mysterious engraving adorning its surface, hinting at secrets yet to be unraveled.\nIn the dim light filtering through the workshop's dusty windows, you can make out the cluttered workbenches, littered with tools, half-assembled contraptions, and scattered blueprints bearing intricate diagrams of esoteric mechanisms. The walls are lined with shelves overflowing with books on temporal theory, clockwork schematics, and ancient tomes bound in cracked leather. In the center of the room, a large table groans under the weight of a massive, half-disassembled clock, its gears and springs spilling onto the floor like the mechanical entrails of some long-forgotten beast.\nAs you peer closer at the intricate inner workings of the disassembled clock, you notice a series of strange runes etched into the brass gears, their meaning inscrutable but undoubtedly holding some profound significance. The air itself seems to hum with the power of the Timekeeper's creations, a subtle vibration that sets your teeth on edge and fills you with a sense of awe and trepidation.",
          "exits":{
             "toward_library":"library",
             "toward_laboratory":"laboratory",
             "down_the_stairs":"basement"
          },
          "skill_check":{
             "dice_type":"1d12",
             "target":8,
             "success":{
                "description":"Success! With steady hands and keen observation, you carefully examine the brass pocket watch. As you turn the dials in a specific sequence, the watch begins to emit a soft, pulsing glow. You feel a strange sensation wash over you, as if time itself is bending to your will.\nThe glow intensifies, and you begin to perceive the ebb and flow of temporal energies all around you, like currents in an unseen ocean. The very air seems to shimmer and distort, and for a brief moment, you catch a glimpse of what appears to be the workshop as it existed in ages past, its tools and instruments archaic and unfamiliar."
             },
             "failure":{
                "description":"You failed. Despite your best efforts, you cannot seem to decipher the workings of the brass pocket watch. The dials remain stubbornly unresponsive, and the engraving continues to elude your understanding. Perhaps there are clues hidden elsewhere in the Timekeeper's domain.\nFrustrated, you set the watch aside, but as you do, you catch a fleeting glimpse of something out of the corner of your eye—a brief distortion in the air, as if reality itself is wavering. The sensation is gone as quickly as it came, leaving you to wonder if your mind is playing tricks on you, or if you have stumbled upon something far more profound."
             }
          },
          "revisits":[
             {
                "count":2,
                "content":"Upon revisiting the workshop, your eyes are drawn to a hidden compartment beneath one of the workbenches. Inside, you find a worn, leather-bound journal filled with the Timekeeper's cryptic notes and diagrams. The pages are filled with references to temporal anomalies and the potential dangers of meddling with the fabric of time, hinting at the profound consequences of your actions.\nAs you flip through the journal's yellowed pages, you come across a hastily scribbled note that reads: 'Beware the Timeless Ones, for they seek to unravel the tapestry of existence. The key lies within the heart of the Chronal Engine, but only the purest light shall illuminate the path.' The note fills you with a sense of foreboding, as if some ancient, unfathomable force is working against your efforts to master the Timekeeper's creations.\nBeneath the warning, you find a detailed diagram of a strange, crystalline device, its purpose indecipherable but undoubtedly linked to the Timekeeper's research into the manipulation of temporal energies. Could this be the key to unlocking the power of the Chronal Engine, or merely another layer of the enigma that surrounds this place?"
             }
          ],
          "show_all_revisits":false
       },
       "library":{
          "name":"The Temporal Library",
          "description":"You step into a grand library, its walls lined with countless tomes and manuscripts, each one a repository of forgotten knowledge. The air is heavy with the scent of aged paper and the whispers of ancient secrets. In the center of the room stands an imposing grandfather clock, its pendulum swinging with an otherworldly rhythm. The clock face bears strange symbols and glyphs, hinting at the secrets of time travel that lie within its intricate workings.\nAs you gaze around the library, you are struck by the sheer vastness of the knowledge contained within these hallowed walls. Row upon row of bookshelves stretch into the distance, their shelves groaning under the weight of countless volumes, some bound in rich leather, others in crumbling vellum. The titles etched into the spines speak of arcane lore and esoteric disciplines long since forgotten by the modern world. In the far corners of the library, you catch glimpses of towering stacks of scrolls and manuscripts, their contents forever obscured by the ravages of time.\nAs you move deeper into the library, you begin to notice subtle distortions in the air, as if the very fabric of reality is wavering and shifting around you. The shadows seem to elongate and twist, and you catch fleeting glimpses of impossible vistas and alien landscapes flickering at the edges of your vision. The whispers of the ancients grow louder, their voices echoing through the ages, beckoning you to unlock the secrets that lie within these dusty tomes.",
          "exits":{
             "back_to_workshop":"workshop",
             "toward_gallery":"gallery",
             "climb_the_stairs":"library_tower"
          },
          "skill_check":{
             "description":"You must perform a skill check in order to align the grandfather clock's hands and open a temporal portal.",
             "dice_type":"1d20",
             "target":14,
             "success":{
                "description":"Success! You approach the grandfather clock and study its intricate symbols. With a flash of insight, you realize that the glyphs correspond to specific moments in history. By aligning the clock hands with the correct symbols, you feel a sudden shift in the fabric of reality. The library fades away, replaced by the shimmering vortex of a temporal portal, beckoning you to step into the currents of time itself.\nAs you gaze into the swirling vortex, you catch glimpses of countless eras and civilizations, each one a tantalizing doorway to the secrets of the past and the possibilities of the future. The power of the timestream courses through your veins, and you feel a profound sense of connection to the ebb and flow of existence itself.",
                "room":"temporal_vortex"
             },
             "failure":{
                "description":"You failed. Try as you might, the meaning of the symbols on the grandfather clock remains elusive. The hands refuse to budge, and the clock continues its relentless ticking. You suspect that unlocking its secrets will require a deeper understanding of the Timekeeper's work.\nFrustrated, you turn away from the clock, only to be confronted by a disturbing sight—the library itself seems to be shifting and warping around you, the shelves twisting and contorting into impossible shapes. For a brief moment, you catch a glimpse of what appears to be a vast, cosmic expanse beyond the library's walls, filled with strange, celestial geometries and whispers of unfathomable entities. Just as quickly as it appeared, the vision fades, leaving you shaken and questioning the boundaries of your own perception."
             }
          },
          "revisits":[
             {
                "count":1,
                "content":"As you return to the library, a ghostly figure materializes before you. It is the Timekeeper himself, his form translucent and flickering. He speaks in cryptic riddles, warning you of the consequences of tampering with the delicate balance of time. The Timekeeper's words echo in your mind, urging caution and wisdom in your temporal explorations, lest you unravel the very fabric of reality.\nBefore vanishing into the ether, the Timekeeper's ghostly form gestures towards a towering bookshelf, where you notice a faint, pulsing glow emanating from one of the ancient tomes. As you approach, the book seems to call out to you, its pages filled with arcane symbols and diagrams detailing the secrets of temporal manipulation. Perhaps this tome holds the key to unlocking the grandfather clock's mysteries.\nAs you reach out to touch the book, a sudden surge of energy ripples through the library, causing the air to shimmer and distort. For a fleeting instant, you catch a glimpse of the library as it existed in ages long past, its shelves stocked with tomes and scrolls from civilizations lost to antiquity. The vision fades as quickly as it appeared, leaving you with a newfound appreciation for the weight of knowledge contained within these hallowed walls."
             }
          ],
          "show_all_revisits":false
       },
       "laboratory":{
          "name":"The Chronal Laboratory",
          "description":"You step into a laboratory thrumming with energy. Sparks of electricity arc between strange, whirring devices, and the air crackles with the tang of ozone. At the far end of the room, a massive machine dominates the space—the Timekeeper's crowning achievement, the Chronal Engine. Its gears spin with dizzying speed, and a shimmering portal pulses at its heart, beckoning you to unlock its secrets.\nThe laboratory is a chaotic symphony of mechanical wonders and esoteric devices. Tables and workbenches line the walls, cluttered with an array of delicate instruments, intricately wound clockwork mechanisms, and strange, glowing crystals that seem to pulse with an inner light. In one corner, a massive Tesla coil crackles and hums, its electrical arcs dancing in hypnotic patterns. On the far wall, a complex network of glass tubes and alembics bubbles with mysterious, iridescent liquids, their vapors swirling in the flickering gaslight.\nAs you navigate the labyrinth of equipment and machinery, you can't shake the feeling that you are being watched. The shadows seem to move of their own accord, and the air is thick with the whispers of unseen entities, their voices indistinguishable from the hum of the laboratory's devices. At times, you catch fleeting glimpses of impossible geometries and cosmic vistas flickering at the edges of your vision, hinting at realms far beyond the boundaries of this mortal plane.",
          "exits":{
             "back_to_workshop":"workshop",
             "toward_chronal_engine_room":"chronal_engine_room",
             "through_the_arch":"meditation_chamber"
          },
          "skill_check":{
             "description":"You must perform a skill check to make the necessary adjustments and activate the Chronal Engine.",
             "dice_type":"1d10",
             "target":7,
             "success":{
                "description":"Success! With a steady hand and a keen understanding of the Timekeeper's notes, you make the necessary adjustments to the Chronal Engine. The machine hums to life, its gears spinning faster and faster. The portal at its center begins to glow with an intense, otherworldly light. You feel the pull of temporal energy, beckoning you to step through and explore the mysteries of time.\nAs the Chronal Engine reaches its full power, you can sense the fabric of reality itself bending and warping around you. The air shimmers and distorts, and for a brief moment, you catch a glimpse of the laboratory as it existed in different eras—first a primitive workshop filled with crude tools and alchemical apparatus, then a sleek, futuristic facility adorned with technology beyond your comprehension. The visions fade as quickly as they appeared, leaving you with a newfound appreciation for the sheer scope of the Timekeeper's work.",
                "room":"chronal_engine_room"
             },
             "failure":{
                "description":"You failed. Despite your best efforts, the Chronal Engine remains unresponsive to your tinkering. The machine sputters and sparks, refusing to activate. It seems that the Timekeeper's creation requires a specific key or catalyst to function properly. Perhaps the answer lies hidden somewhere within the laboratory itself.\nFrustrated, you step back from the engine, only to be confronted by a disturbing sight—the laboratory itself seems to be shifting and warping around you, the equipment and machinery twisting into bizarre, impossible configurations. For a brief moment, you catch a glimpse of what appears to be a vast, cosmic expanse beyond the laboratory's walls, filled with strange, celestial geometries and whispers of unfathomable entities. Just as quickly as it appeared, the vision fades, leaving you shaken and questioning the boundaries of your own perception."
             }
          },
          "revisits":[
             {
                "count":3,
                "content":"Upon your third visit to the laboratory, you notice a small, ornate key hanging from a chain around the neck of a brass automaton. The automaton whirs to life and speaks in a tinny voice: 'The key to unlocking the Chronal Engine lies within the heart of time itself. Seek the Eternal Hourglass, and let its sands guide your path.' The automaton falls silent, leaving you to ponder the cryptic message.\nAs you turn to leave, your gaze falls upon a dusty tome lying open on one of the workbenches. Its pages are filled with intricate diagrams and equations, detailing the theoretical principles that govern the flow of time and the potential for harnessing its power. Perhaps within these pages lies the knowledge you seek to master the Chronal Engine and unlock the secrets of the Eternal Hourglass.\nAs you reach out to touch the tome, the air around you begins to shimmer and distort, and for a fleeting instant, you catch a glimpse of the laboratory as it existed in a distant era—its equipment and devices archaic and unfamiliar, yet undoubtedly the precursors to the Timekeeper's advanced creations. The vision fades as quickly as it appeared, leaving you with a newfound appreciation for the weight of history and the cyclical nature of knowledge."
             }
          ],
          "show_all_revisits":false
       },
       "gallery":{
          "name":"The Gallery of Lost Moments",
          "description":"You find yourself in a long, echoing gallery, its walls adorned with paintings that seem to shift and change before your eyes. Each artwork depicts a frozen moment in time, a glimpse into the lives of those long past. As you move deeper into the gallery, you notice a shimmering, translucent barrier blocking your path. Beyond the barrier, you catch a fleeting glimpse of a magnificent hourglass, its sands flowing in defiance of gravity.\nThe gallery is bathed in a soft, ethereal light that seems to emanate from the very canvases themselves. The paintings are not mere static images, but rather windows into other worlds, other times. As you gaze upon them, you can almost hear the whispers of the past, the echoes of lives lived and lost, etched into the brushstrokes. In one painting, a grand ball unfolds, the ladies in their flowing gowns and the gentlemen in their finest attire, frozen mid-dance. In another, a great battle rages, the clash of swords and the thunder of hooves frozen in a single, timeless moment.\nAs you move closer to the shimmering barrier, you can sense the power of the Eternal Hourglass pulsing beyond, its temporal energies distorting the very fabric of reality around you. The air shimmers and warps, and you catch fleeting glimpses of impossible vistas and alien landscapes flickering at the edges of your vision. The whispers of the ancients grow louder, their voices echoing through the ages, beckoning you to unlock the secrets that lie beyond the barrier.",
          "exits":{
             "back_to_library":"library"
          },
          "skill_check":{
             "description":"You must perform a skill check to pass through the barrier and reach the Eternal Hourglass.",
             "dice_type":"1d8",
             "target":5,
             "success":{
                "description":"Success! You approach the shimmering barrier and, with a touch of your hand, it ripples and parts like a curtain of mist. You step through, finding yourself standing before the Eternal Hourglass. Its sands glow with an inner light, and you feel the weight of ages pressing upon you. As you reach out to touch the hourglass, a sudden realization dawns on you—the key to mastering time itself lies within your grasp.\nAs your fingers brush against the Eternal Hourglass, you feel a surge of temporal energy coursing through your veins. The world around you seems to shift and distort, and for a brief moment, you catch glimpses of countless eras and civilizations, each one a fleeting fragment of the vast tapestry of existence.\nIn one vision, you find yourself standing in the midst of a bustling Renaissance city, its streets filled with scholars and artisans. In another, you witness the birth of a new star, its brilliance searing the depths of the cosmos. The visions fade as quickly as they appear, but you are left with a profound sense of connection to the ebb and flow of time itself."
             },
             "failure":{
                "description":"You failed. Despite your best efforts, the shimmering barrier remains impenetrable. Your hands pass through it like smoke, leaving you grasping at nothing. It seems that accessing the Eternal Hourglass will require more than mere physical force. Perhaps there is a deeper mystery at play, one that demands a keener understanding of the nature of time itself.\nFrustrated, you turn away from the barrier, only to be confronted by a disturbing sight—the gallery itself seems to be shifting and warping around you, the paintings twisting and contorting into impossible shapes. For a brief moment, you catch a glimpse of what appears to be a vast, cosmic expanse beyond the gallery's walls, filled with strange, celestial geometries and whispers of unfathomable entities. Just as quickly as it appeared, the vision fades, leaving you shaken and questioning the boundaries of your own perception."
             }
          },
          "revisits":[
             {
                "count":2,
                "content":"As you return to the gallery, you find that the paintings have changed. Where once there were scenes of joy and triumph, now there are visions of sorrow and despair. You realize that the gallery is a reflection of the ever-shifting tides of history, a testament to the profound impact that even the smallest actions can have on the tapestry of time.\nIn one particularly haunting painting, you see a desolate landscape, the earth scorched and barren, the sky choked with ash. In the distance, the crumbling ruins of a once-great city loom, a grim reminder of the consequences of unchecked ambition and the misuse of temporal powers. A chill runs down your spine as you realize that this could be a warning, a glimpse into a potential future should you fail to wield the Timekeeper's legacy with wisdom and restraint.\nAs you turn to leave the gallery, the air around you begins to shimmer and distort, and for a fleeting instant, you catch a glimpse of the gallery as it existed in a distant era—its walls adorned with paintings and tapestries depicting scenes and civilizations long since lost to the ravages of time. The vision fades as quickly as it appeared, leaving you with a newfound appreciation for the weight of history and the cyclical nature of knowledge."
             }
          ],
          "show_all_revisits":false
       },
       "basement":{
          "name":"The Timekeeper's Basement",
          "description":"Descending a winding staircase, you find yourself in the Timekeeper's basement, a vast, dimly lit chamber filled with strange, humming machines and esoteric devices. The air is thick with the scent of ozone and the faint whir of gears and mechanisms.\nIn the center of the chamber stands a massive, brass contraption, its intricate clockwork innards visible through a series of glass panels. The machine seems to pulse with an inner light, and you can almost sense the power of temporal energies thrumming within its core.\nAlong the walls, you notice row upon row of strange, glowing crystals, each one emitting a faint, otherworldly hum. Workbenches and tables are strewn with half-finished projects, tools, and diagrams, hinting at the Timekeeper's tireless efforts to unravel the secrets of the universe.",
          "exits":{
             "up_the_stairs":"workshop",
             "through_the_archway":"time_sphere_chamber"
          },
          "skill_check":{
             "description":"You must perform a skill check to decipher the Timekeeper's notes and activate the central machine.",
             "dice_type":"1d6",
             "target":4,
             "success":{
                "description":"Success! After carefully studying the Timekeeper's notes and schematics, you manage to activate the central machine. The brass contraption whirs to life, its gears and mechanisms spinning with increasing speed. Suddenly, a brilliant flash of light erupts from the machine's core, and a shimmering portal materializes before you, its surface rippling like water.\nPeering into the depths of the portal, you catch fleeting glimpses of other times and realms—a lush, primordial jungle teeming with prehistoric beasts; a desolate, post-apocalyptic wasteland; a sleek, futuristic cityscape of gleaming spires and hovering vehicles. The visions are tantalizing, each one a potential destination in your temporal journey.",
                "room":"time_sphere"
             },
             "failure":{
                "description":"You failed. Despite your best efforts, the Timekeeper's notes and diagrams remain indecipherable, and the central machine refuses to activate. Frustrated, you step back from the contraption, only to notice a strange, pulsing light emanating from one of the glowing crystals lining the walls.\nAs you approach the crystal, the air around you begins to shimmer and distort, and for a brief moment, you catch a glimpse of the basement as it existed in a distant era—its machines and devices archaic and unfamiliar, yet undoubtedly the precursors to the Timekeeper's advanced creations. The vision fades as quickly as it appeared, leaving you with a newfound appreciation for the weight of history and the cyclical nature of knowledge, but no closer to unlocking the secrets of the central machine."
             }
          },
          "revisits":[
             {
                "count":1,
                "content":"Upon revisiting the basement, you notice that the central machine has undergone a strange transformation. Where once it was a massive, brass contraption, it now appears to be a sleek, futuristic device, its surface gleaming with strange, alien alloys and pulsing with an otherworldly light.\nAs you approach the machine, you catch a fleeting glimpse of the basement as it will exist in a distant future era, its walls lined with advanced technology beyond your comprehension. The vision fades, leaving you with a sense of awe and trepidation at the sheer scope of the Timekeeper's work, and the weight of the responsibility that comes with mastering the flow of time itself."
             }
          ],
          "show_all_revisits":false
       },
       "time_sphere_chamber":{
          "name":"The Time Sphere Chamber",
          "description":"Passing through the archway, you find yourself in a cavernous chamber, its walls and ceiling stretching into the darkness. In the center of the room, a massive, glowing sphere hovers in midair, its surface shimmering with iridescent hues and flickering with what appear to be visions of other times and realms.\nAs you approach the Time Sphere, you can sense the immense power radiating from its core, a palpable force that seems to bend and distort the very fabric of reality around you. The air is thick with the whispers of countless eras and civilizations, their voices echoing through the vast expanse of the chamber.\nBeneath the Time Sphere, you notice a series of strange, crystalline pedestals arranged in a circular pattern. Each pedestal is inscribed with esoteric symbols and glyphs, hinting at their role in controlling the Sphere's temporal energies.",
          "exits":{
             "back_to_basement":"basement"
          },
          "skill_check":{
             "description":"You must perform a skill check to decipher the symbols on the pedestals and unlock the Time Sphere's full potential.",
             "dice_type":"1d20",
             "target":16,
             "success":{
                "description":"Success! Carefully studying the symbols and glyphs inscribed on the pedestals, you begin to discern their meaning and function. With a steady hand, you manipulate the crystalline controls, aligning them in a specific sequence.\nThe Time Sphere responds to your efforts, its surface rippling and distorting as it taps into the vast energies of the timestream. The visions flickering across its surface intensify, revealing tantalizing glimpses of countless eras and realms—a verdant, primordial world teeming with massive, prehistoric beasts; a desolate, post-apocalyptic wasteland where ruined cities lie buried beneath shifting dunes; a sleek, futuristic metropolis of gleaming spires and hovering vehicles.\nYou feel the immense power of the Time Sphere coursing through your veins, and you realize that you now possess the ability to traverse the vast expanse of time and space, to bear witness to the pivotal moments that have shaped the very fabric of existence. The weight of this responsibility is staggering, but you are filled with a profound sense of purpose and determination to wield this power wisely and unlock the secrets of the universe.",
                "room":"time_travel_nexus"
             },
             "failure":{
                "description":"You failed. Despite your best efforts, the symbols and glyphs inscribed on the pedestals remain indecipherable, their meaning and function a tantalizing enigma. Frustrated, you step back from the Time Sphere, only to be confronted by a disturbing sight.\nThe chamber around you begins to twist and warp, the walls and ceiling seeming to stretch and contort into impossible shapes. For a brief moment, you catch a glimpse of what appears to be a vast, cosmic expanse beyond the chamber's boundaries, filled with strange, celestial geometries and whispers of unfathomable entities. The vision fades as quickly as it appeared, leaving you shaken and questioning the boundaries of your own perception.\nAs you turn to leave the chamber, you catch a fleeting glimpse of the Time Sphere as it existed in a distant era, its surface flickering with visions of civilizations and technologies long since lost to the ravages of time. The weight of the knowledge you have yet to unlock presses upon you, but you are filled with a renewed sense of determination to unravel the mysteries of the Timekeeper's legacy, no matter the cost."
             }
          }
       },
       "library_tower":{
          "name":"The Library Tower",
          "description":"Climbing a winding staircase, you emerge into a towering spire that rises above the Temporal Library. The air is thick with the scent of aged parchment and the whispers of forgotten lore, and the walls are lined with shelves overflowing with ancient tomes and scrolls.\nIn the center of the tower, a massive, brass orrery dominates the space, its intricate gears and mechanisms representing the motions of celestial bodies and the flow of time itself. As you approach the orrery, you notice a series of strange, crystalline controls and dials adorning its surface, their purpose a tantalizing enigma.\nThrough the tower's arched windows, you can catch glimpses of the Timekeeper's domain stretching out in every direction, a vast expanse of impossible architectures and distorted landscapes, hinting at the profound impact the manipulation of temporal energies has had upon this place.",
          "exits":{
             "down_the_stairs":"library"
          },
          "skill_check":{
             "description":"You must perform a skill check to decipher the controls of the orrery and unlock its temporal powers.",
             "dice_type":"1d12",
             "target":10,
             "success":{
                "description":"Success! After careful study and experimentation, you begin to discern the function of the orrery's controls and dials. With a steady hand, you manipulate the crystalline mechanisms, aligning them in a specific sequence.\nThe orrery responds to your efforts, its gears and mechanisms whirring to life as it taps into the vast energies of the timestream. The air around you begins to shimmer and distort, and you catch fleeting glimpses of other eras and realms flickering at the edges of your vision—a verdant, primordial world teeming with massive, prehistoric beasts; a desolate, post-apocalyptic wasteland where ruined cities lie buried beneath shifting dunes; a sleek, futuristic metropolis of gleaming spires and hovering vehicles.\nYou feel the immense power of the orrery coursing through your veins, and you realize that you now possess the ability to traverse the vast expanse of time and space, to bear witness to the pivotal moments that have shaped the very fabric of existence. The weight of this responsibility is staggering, but you are filled with a profound sense of purpose and determination to wield this power wisely and unlock the secrets of the universe.",
                "room":"orrery_control"
             },
             "failure":{
                "description":"You failed. Despite your best efforts, the orrery's controls and mechanisms remain stubbornly inscrutable, their secrets tantalizingly out of reach. Frustrated, you step back from the device, only to be confronted by a disturbing sight.\nThe tower around you begins to twist and warp, the walls and ceiling seeming to stretch and contort into impossible shapes. For a brief moment, you catch a glimpse of what appears to be a vast, cosmic expanse beyond the tower's boundaries, filled with strange, celestial geometries and whispers of unfathomable entities. The vision fades as quickly as it appeared, leaving you shaken and questioning the boundaries of your own perception.\nAs you turn to leave the tower, you catch a fleeting glimpse of the orrery as it existed in a distant era, its mechanisms archaic and unfamiliar, yet undoubtedly the precursor to the Timekeeper's advanced creation. The weight of the knowledge you have yet to unlock presses upon you, but you are filled with a renewed sense of determination to unravel the mysteries of the Timekeeper's legacy, no matter the cost."
             }
          },
          "revisits":[
             {
                "count":2,
                "content":"Upon revisiting the library tower, you notice that the orrery has undergone a strange transformation. Where once it was a massive, brass device adorned with intricate gears and mechanisms, it now appears to be a sleek, futuristic construct, its surface gleaming with strange, alien alloys and pulsing with an otherworldly light.\nAs you approach the orrery, you catch a fleeting glimpse of the tower as it will exist in a distant future era, its walls lined with advanced technology beyond your comprehension. The vision fades, leaving you with a sense of awe and trepidation at the sheer scope of the Timekeeper's work, and the weight of the responsibility that comes with mastering the flow of time itself.\nPerhaps, in this future incarnation of the tower, the secrets of the orrery's controls will finally be revealed, unlocking the full potential of its temporal powers."
             }
          ],
          "show_all_revisits":false
       },
       "meditation_chamber":{
          "name":"The Meditation Chamber",
          "description":"Passing through the archway, you find yourself in a vast, dimly lit chamber, its walls and ceiling stretching into the shadows. The air is thick with the scent of smoldering incense and the whispers of ancient rituals long since forgotten.\nIn the center of the chamber, a massive, crystalline sculpture dominates the space, its facets refracting the dim light into a kaleidoscope of shimmering hues. The sculpture seems to pulse with an inner light, as if imbued with some profound, cosmic energy.\nAround the periphery of the chamber, you notice a series of strange, crystalline pedestals arranged in a circular pattern. Each pedestal is adorned with esoteric symbols and glyphs, hinting at their role in harnessing and channeling the profound energies that permeate this place.",
          "exits":{
             "back_to_laboratory":"laboratory"
          },
          "skill_check":{
             "description":"You must perform a skill check to decipher the symbols on the pedestals and unlock the chamber's hidden power.",
             "dice_type":"1d8",
             "target":6,
             "success":{
                "description":"Success! Carefully studying the symbols and glyphs inscribed on the pedestals, you begin to discern their meaning and function. With a steady hand, you manipulate the crystalline controls, aligning them in a specific sequence.\nThe chamber responds to your efforts, the crystalline sculpture at its center beginning to pulse and throb with increasing intensity. The air around you grows thick with an almost palpable energy, distorting the very fabric of reality around you.\nSuddenly, the sculpture erupts in a brilliant flash of light, and you find yourself propelled into a vast, swirling vortex of energy and color. Visions of countless eras and realms flicker before your eyes—a verdant, primordial world teeming with massive, prehistoric beasts; a desolate, post-apocalyptic wasteland where ruined cities lie buried beneath shifting dunes; a sleek, futuristic metropolis of gleaming spires and hovering vehicles.\nYou feel the immense power of the temporal energies coursing through your very Being, and you realize that you now possess the ability to transcend the boundaries of time and space, to bear witness to the pivotal moments that have shaped the very fabric of existence. The weight of this responsibility is staggering, but you are filled with a profound sense of purpose and determination to wield this power wisely and unlock the secrets of the universe."
             },
             "failure":{
                "description":"You failed. Despite your best efforts, the symbols and glyphs inscribed on the pedestals remain indecipherable, their meaning and function a tantalizing enigma. Frustrated, you step back from the crystalline sculpture, only to be confronted by a disturbing sight.\nThe chamber around you begins to twist and warp, the walls and ceiling seeming to stretch and contort into impossible shapes. For a brief moment, you catch a glimpse of what appears to be a vast, cosmic expanse beyond the chamber's boundaries, filled with strange, celestial geometries and whispers of unfathomable entities. The vision fades as quickly as it appeared, leaving you shaken and questioning the boundaries of your own perception.\nAs you turn to leave the chamber, you catch a fleeting glimpse of the crystalline sculpture as it existed in a distant era, its form archaic and unfamiliar, yet undoubtedly the precursor to the Timekeeper's advanced creation. The weight of the knowledge you have yet to unlock presses upon you, but you are filled with a renewed sense of determination to unravel the mysteries of the Timekeeper's legacy, no matter the cost."
             }
          }
       },
       "temporal_vortex":{
          "name":"The Temporal Vortex",
          "description":"You find yourself adrift in a swirling vortex of time, moments and events from across the ages blurring together in a dizzying kaleidoscope. The fabric of reality stretches and warps around you, and you feel the immense power of the timestream coursing through your veins. Ahead, you see glimpses of different eras and civilizations, each one a potential destination in your temporal journey.\nA foggy street in Victorian London beckons you, the clatter of horse-drawn carriages echoing through the mist.\nThe golden sands of ancient Egypt shimmer before you, the silhouettes of towering pyramids rising against the horizon.\nA sleek, neon-lit cityscape of the far future looms ahead, its towering skyscrapers reaching towards the stars.\nAs you gaze into the swirling vortex, you can sense the weight of countless epochs and civilizations pressing in upon you. The whispers of the ancients grow louder, their voices echoing through the ages, beckoning you to explore the infinite possibilities that lie within the currents of time.",
          "exits":{
             "victorian_london":"victorian_london",
             "ancient_egypt":"ancient_egypt",
             "far_future":"far_future",
             "back_to_library":"library"
          },
          "skill_check":{
             "description":"You must perform a skill check to navigate the temporal vortex and reach your desired destination.",
             "dice_type":"1d12",
             "target":9,
             "success":{
                "description":"Success! With a focused mind and an unwavering determination, you navigate the swirling currents of the temporal vortex. You steer yourself towards the era of your choosing, the power of the timestream bending to your will. As you cross the threshold, you feel a momentary disorientation before the world solidifies around you, the sights and sounds of a different age flooding your senses.\nAs you emerge from the vortex, you find yourself standing in the midst of a bustling metropolis, its streets filled with strange sights and sounds. The air is thick with the scent of unfamiliar spices and the hum of alien technology, and the towering spires of impossibly advanced architecture loom overhead. For a brief moment, you catch a glimpse of what appears to be a vast, cosmic expanse beyond the city's boundaries, filled with strange, celestial geometries and whispers of unfathomable entities. The vision fades as quickly as it appeared, leaving you exhilarated and eager to explore the wonders of this new era."
             },
             "failure":{
                "description":"You failed. The temporal vortex proves too chaotic to control, and you find yourself buffeted by the relentless tides of time. Moments and memories flash before your eyes in a dizzying sequence, threatening to overwhelm your mind. With a desperate effort, you wrench yourself free from the vortex's grasp, tumbling back into the Timekeeper's library, your temporal journey cut short by the capricious whims of fate.\nAs you regain your bearings, you catch a fleeting glimpse of strange, cosmic geometries and whispers of unfathomable entities flickering at the edges of your vision. The visions fade as quickly as they appeared, leaving you shaken and questioning the boundaries of your own perception."
             }
          }
       },
       "victorian_london":{
          "name":"Victorian London",
          "description":"You find yourself transported to the fog-shrouded streets of Victorian London, the cobblestones slick with a recent rain. The air is thick with the scent of coal smoke and horse dung, mingling with the rich aromas of exotic spices and freshly baked bread wafting from nearby shops. The cacophony of the city surrounds you, from the clatter of horse-drawn carriages to the cries of street vendors hawking their wares.\nAs you gaze in wonder at the bustling metropolis, you catch glimpses of gas lamps flickering to life, casting a warm, ethereal glow over the rain-soaked streets. Hansom cabs weave through the throngs of pedestrians, their drivers calling out to potential fares. In the distance, the towering spires of St. Paul's Cathedral pierce the evening mist, a testament to the city's enduring grandeur.\nThere is a sense of energy and excitement in the air, a palpable feeling that you have stepped into a world on the cusp of great change, where the wonders of the modern age are just beginning to take root, and the frontiers of knowledge and exploration beckon with endless possibilities.",
          "exits":{
             "explore_london":"explore_victorian_london",
             "return_to_vortex":"temporal_vortex"
          }
       },
       "ancient_egypt":{
          "name":"Ancient Egypt",
          "description":"You find yourself standing amidst the golden sands of ancient Egypt, the scorching sun beating down upon you from a cloudless sky. In the distance, the majestic silhouettes of towering pyramids rise like jagged teeth against the horizon, their smooth sides glinting in the harsh sunlight. Closer still, the mighty Nile flows, its waters a lifeline for the bustling civilization that flourishes along its banks.\nAs you gaze in awe at the ancient wonders that surround you, you catch glimpses of daily life in this timeless realm. Farmers toil in the fields, their backs bent under the weight of their labor. Merchants haggle in crowded marketplaces, their voices mingling with the cries of livestock and the rhythmic chanting of priests. Boats laden with goods ply the Nile's placid waters, their sails billowing in the gentle breeze.\nThere is a sense of timelessness in the air, a feeling that this civilization has endured for millennia, its customs and traditions passed down through countless generations. Yet, there is also a vibrant energy that pulses through the land, a testament to the ingenuity and ambition of a people who have tamed the harsh desert and harnessed the power of the Nile to build an empire that will echo through the ages.",
          "exits":{
             "explore_egypt":"explore_ancient_egypt",
             "return_to_vortex":"temporal_vortex"
          }
       },
       "far_future":{
          "name":"The Far Future",
          "description":"You find yourself thrust into a dazzling, neon-lit cityscape of the far future, where towering spires of gleaming metal and glass stretch towards a crimson sky. The air is thick with the hum of advanced technology, and the streets are alive with the whir of anti-gravity vehicles and the pulse of holographic displays.\nAs you gaze in awe at the marvels that surround you, you catch glimpses of a world that seems to have transcended the limitations of your own time. Sleek, aerodynamic structures twist and undulate, their forms constantly shifting and adapting to the needs of their inhabitants. Holographic billboards flicker with dazzling advertisements for exotic technologies and interstellar travel packages, their promises of cosmic exploration tantalizing and alluring.\nThere is a sense of boundless potential in the air, a feeling that the future holds endless wonders and possibilities, limited only by the reach of human imagination and ingenuity. Yet, there is also an undercurrent of unease, a sense that the very fabric of reality has been stretched to its limits, and that the cost of such technological advancement may be more profound than anyone could have foreseen.",
          "exits":{
             "explore_future":"explore_far_future",
             "return_to_vortex":"temporal_vortex"
          }
       },
       "explore_victorian_london":{
          "name":"Exploring Victorian London",
          "description":"As you explore the bustling streets of Victorian London, you are struck by the contrasts that define this era. Stately mansions and grand theaters stand in stark contrast to the squalid tenements and narrow alleyways that wind through the city's underbelly. The rich and powerful move about in opulent carriages, their finery a striking contrast to the ragged urchins who weave through the crowds, begging for a few pence.\nYou bear witness to the birth of modern industry, as factories belch smoke into the already polluted air, their machinery driven by the sweat and toil of workers who labor for meager wages. Yet, amidst the grime and soot, you also glimpse the wonders of scientific progress, as gas lamps and steam engines usher in a new age of innovation and technological advancement.\nAs you delve deeper into the heart of this teeming metropolis, you cannot help but feel a sense of excitement at the possibilities that await. This is a world on the cusp of momentous change, where the boundaries of knowledge and exploration are being pushed ever further, and the seeds of a new era are taking root.",
          "exits":{
             "return_to_london":"victorian_london"
          },
          "skill_check":{
             "description":"You must perform a skill check to uncover a hidden clue that may lead you to a new discovery.",
             "dice_type":"1d8",
             "target":5,
             "success":{
                "description":"As you navigate the crowded streets, your keen eye catches sight of a small, tattered scrap of paper fluttering in the wind. Snatching it from the air, you decipher the faded writing and realize it is a fragment of a coded message, hinting at a secret society of time travelers operating within the heart of Victorian London. Could this be the key to unlocking the secrets of the Timekeeper's legacy? Or merely a tantalizing dead end in your quest for knowledge?",
                "exits":{
                   "investigate_clue":"secret_society"
                }
             },
             "failure":{
                "description":"Despite your best efforts, you are unable to uncover any hidden clues or secrets within the bustling streets of Victorian London. The city seems content to keep its mysteries buried beneath layers of soot and grime, its secrets lost amidst the cacophony of everyday life. Undeterred, you continue your exploration, determined to unravel the enigma of the Timekeeper's legacy, no matter where the path may lead."
             }
          }
       },
       "explore_ancient_egypt":{
          "name":"Exploring Ancient Egypt",
          "description":"As you explore the timeless wonders of ancient Egypt, you are struck by the enduring legacy of this great civilization. Towering monuments and imposing temples stand as silent sentinels, their hieroglyphs and intricate carvings whispering tales of pharaohs and gods long since forgotten.\nYou bear witness to the ingenuity of the ancient Egyptians, as they harness the power of the Nile to irrigate vast swaths of arid land, transforming the desert into a verdant oasis of life and plenty. Their knowledge of astronomy and mathematics is evident in the precision of their monuments, each one aligned with the heavenly bodies in a cosmic dance that spans millennia.\nAs you delve deeper into the heart of this ancient realm, you cannot help but feel a sense of reverence for the enduring power of human accomplishment. This is a civilization that has stood the test of time, its monuments and teachings etched into the very fabric of history, a testament to the boundless potential of the human spirit.",
          "exits":{
             "return_to_egypt":"ancient_egypt"
          },
          "skill_check":{
             "description":"You must perform a skill check to decipher the hieroglyphs on an ancient monument, which may hold clues to a hidden chamber.",
             "dice_type":"1d10",
             "target":7,
             "success":{
                "description":"As you study the intricate hieroglyphs adorning the walls of an ancient monument, your knowledge of ancient languages and symbology begins to unravel their meaning. You decipher a hidden message, speaking of a secret chamber deep within the monument, where the secrets of time itself are said to be guarded by an ancient order of timekeepers. Could this be the key to unlocking the Timekeeper's legacy? Or merely another tantalizing riddle on your quest for knowledge?",
                "exits":{
                   "investigate_chamber":"hidden_chamber"
                }
             },
             "failure":{
                "description":"Despite your best efforts, the hieroglyphs adorning the ancient monuments remain inscrutable, their secrets hidden behind layers of faded symbols and eroded stone. The mysteries of ancient Egypt seem content to keep their secrets buried beneath the sands of time, lost to all but the most dedicated scholars and archaeologists. Undeterred, you continue your exploration, determined to unravel the enigma of the Timekeeper's legacy, no matter where the path may lead."
             }
          }
       },
       "explore_far_future":{
          "name":"Exploring the Far Future",
          "description":"As you explore the dazzling cityscape of the far future, you are struck by the sheer audacity of human achievement. Towering spires of gleaming metal and glass seem to defy the laws of physics, their forms shifting and undulating in response to the needs of their inhabitants. Holographic displays flicker with dazzling advertisements for exotic technologies and interstellar travel packages, their promises of cosmic exploration tantalizing and alluring.\nYou bear witness to the wonders of advanced technology, as anti-gravity vehicles whir past, their sleek forms gliding effortlessly through the city's bustling airways. Robotic drones flit about, performing tasks with a seamless efficiency that seems almost organic. And everywhere, the hum of advanced machinery and the pulse of quantum computing permeate the very air you breathe.\nAs you delve deeper into the heart of this futuristic realm, you cannot help but feel a sense of awe at the boundless potential of human ingenuity. This is a world that has transcended the limitations of your own time, a world where the boundaries of knowledge and exploration have been pushed to their very limits – and perhaps even beyond.",
          "exits":{
             "return_to_future":"far_future"
          },
          "skill_check":{
             "description":"You must perform a skill check to interface with an advanced computer system, which may hold clues to the secrets of time travel.",
             "dice_type":"1d12",
             "target":9,
             "success":{
                "description":"Your knowledge of advanced technology and quantum computing allows you to interface with a highly advanced computer system, bypassing its security protocols and gaining access to its vast databanks. As you sift through the terabytes of information, you uncover a tantalizing thread of data, hinting at the existence of a secret society dedicated to the preservation of temporal integrity. Could this be the key to unlocking the Timekeeper's legacy? Or merely another tantalizing dead end in your quest for knowledge?",
                "exits":{
                   "investigate_clue":"temporal_society"
                }
             },
             "failure":{
                "description":"Despite your best efforts, the advanced computer systems of the far future remain steadfastly secure, their quantum encryption protocols and firewalls impenetrable to your attempts at hacking. The secrets of this futuristic realm seem content to remain hidden behind layers of advanced technology and cutting-edge security measures. Undeterred, you continue your exploration, determined to unravel the enigma of the Timekeeper's legacy, no matter where the path may lead."
             }
          }
       },
       "secret_society":{
          "name":"The Secret Society of Time Travelers",
          "description":"Your investigation into the coded message leads you to a hidden chamber deep beneath the streets of Victorian London, where a secret society of time travelers has been operating in the shadows for centuries. As you are ushered into the dimly lit chamber, you are surrounded by a group of men and women clad in enigmatic robes, their faces obscured by ornate masks.\nThe leader of the society steps forward, their voice distorted by an intricate vocal modulator. 'Welcome, seeker of knowledge. You have uncovered one of the greatest secrets known to humanity – the ability to manipulate the very fabric of time itself. Our society has guarded this power for centuries, preserving the delicate balance of the timestream and ensuring that the natural order of events remains undisturbed.'\nAs the society's secrets are revealed to you, you learn of their complex web of agents scattered throughout history, their sole purpose to monitor temporal anomalies and correct any deviations from the established timeline. You are told of the grave consequences that could befall the universe should the timestream be irreparably damaged, and the cosmic forces that seek to unravel the very tapestry of existence.\nThe leader extends a weathered hand, a glinting hourglass pendant dangling from their fingers. 'The choice is yours, seeker. Join us, and become a guardian of the timestream, sworn to uphold the natural order of events. Or walk away, and let the secrets of time travel remain shrouded in mystery.'\nThe weight of this decision presses upon you, for you realize that the path you choose will shape the course of history itself.",
          "exits":{
             "join_society":"become_time_guardian",
             "refuse_society":"temporal_vortex"
          }
       },
       "hidden_chamber":{
          "name":"The Hidden Chamber of the Timekeepers",
          "description":"Your investigation into the ancient hieroglyphs leads you to a hidden chamber deep within the heart of the monument, a place shrouded in mystery and steeped in the secrets of the ages. As you descend into the dimly lit chamber, you are surrounded by the crumbling effigies of long-forgotten pharaohs, their watchful eyes seeming to follow your every move.\nIn the center of the chamber, a group of robed figures stand in silent vigil, their faces obscured by ornate masks adorned with the symbols of the ancient Egyptian deities. As you approach, the leader of the group removes their mask, revealing the weathered features of an elderly woman whose eyes seem to burn with an otherworldly wisdom.\n'Welcome, seeker of knowledge,' she intones, her voice echoing off the ancient stones. 'You have uncovered one of the greatest secrets known to humanity – the ability to manipulate the very fabric of time itself. Our order has guarded this power for millennia, preserving the delicate balance of the timestream and ensuring that the natural order of events remains undisturbed.'\nAs the order's secrets are revealed to you, you learn of their intricate network of agents scattered throughout history, their sole purpose to monitor temporal anomalies and correct any deviations from the established timeline. You are told of the grave consequences that could befall the universe should the timestream be irreparably damaged, and the cosmic forces that seek to unravel the very tapestry of existence.\nThe leader extends a weathered hand, a glinting hourglass pendant dangling from her fingers. 'The choice is yours, seeker. Join us, and become a guardian of the timestream, sworn to uphold the natural order of events. Or walk away, and let the secrets of time travel remain shrouded in mystery.'\nThe weight of this decision presses upon you, for you realize that the path you choose will shape the course of history itself.",
          "exits":{
             "join_order":"become_time_guardian",
             "refuse_order":"ancient_egypt"
          }
       },
       "temporal_society":{
          "name":"The Temporal Guardians",
          "description":"Your investigation into the advanced computer systems of the far future leads you to a hidden collective known as the Temporal Guardians, a highly advanced society dedicated to preserving the integrity of the timestream. As you are ushered into their secret headquarters, you are surrounded by a group of beings whose forms seem to shimmer and distort, as if they exist on a higher plane of existence.\nThe leader of the Temporal Guardians steps forward, their voice resonating with a harmonious blend of tones that seem to transcend the boundaries of language. 'Welcome, seeker of knowledge. You have uncovered one of the greatest secrets known to sentient life – the ability to manipulate the very fabric of time itself. Our society has guarded this power for eons, preserving the delicate balance of the timestream and ensuring that the natural order of events remains undisturbed across the vast expanse of the multiverse.'\nAs the Temporal Guardians' secrets are revealed to you, you learn of their intricate web of agents scattered throughout the cosmos, their sole purpose to monitor temporal anomalies and correct any deviations from the established timeline. You are told of the grave consequences that could befall reality itself should the timestream be irreparably damaged, and the cosmic forces that seek to unravel the very tapestry of existence.\nThe leader extends a shimmering appendage, a glinting hourglass pendant seeming to bend the light around it. 'The choice is yours, seeker. Join us, and become a guardian of the timestream, sworn to uphold the natural order of events across the infinite expanse of the multiverse. Or walk away, and let the secrets of time travel remain shrouded in mystery.'\nThe weight of this decision presses upon you, for you realize that the path you choose will shape the course of existence itself, echoing across the vast tapestry of reality like a cosmic ripple.",
          "exits":{
             "join_guardians":"become_time_guardian",
             "refuse_guardians":"far_future"
          }
       },
       "become_time_guardian":{
          "name":"Becoming a Time Guardian",
          "description":"You have chosen to join the ranks of those who guard the delicate balance of the timestream, sworn to uphold the natural order of events and preserve the integrity of existence itself. As the ceremony commences, you feel a profound shift in your perception of reality, as if a veil has been lifted, revealing the true nature of the cosmos.\nThe leader of the order places the hourglass pendant around your neck, and you feel a surge of temporal energy coursing through your veins. Suddenly, the veil of time parts before you, and you bear witness to the vast expanse of the timestream, a shimmering tapestry woven from the threads of countless eras and civilizations.\nYou see the birth of galaxies and the death of stars, the rise and fall of empires, and the echoes of countless lives lived and lost across the infinite expanse of existence. You feel the weight of cosmic responsibility settle upon your shoulders, for you now wield the power to shape the very course of history itself.\nBut with this power comes a grave burden, for you must remain ever vigilant, guarding against the forces that seek to unravel the delicate balance of the timestream. Cosmic entities of unfathomable power lurk in the shadows, their twisted machinations threatening to tear the fabric of reality asunder.\nAs the ceremony concludes, you feel a profound sense of purpose and determination. You are a guardian of the timestream, sworn to uphold the natural order of events and preserve the integrity of existence itself. The boundaries of space and time are now yours to traverse, but you must tread carefully, for every action, no matter how small, echoes through the ages like a cosmic ripple.\nThe fate of the multiverse rests upon your shoulders, and you must choose your path wisely, for the decisions you make will shape the destiny of all that is, all that was, and all that ever will be.",
          "exits":{
             "continue":"timeless_vigil"
          }
       },
       "timeless_vigil":{
          "name":"The Timeless Vigil",
          "description":"As a guardian of the timestream, you now stand watch over the delicate balance of existence, tasked with preserving the natural order of events across the vast expanse of the multiverse. From your vantage point among the higher realms of reality, you bear witness to the ebb and flow of time itself, the cosmic tapestry of existence ever-shifting and ever-changing.\nYou wield the power of temporal manipulation with wisdom and restraint, using it to mend the frayed edges of the timestream and to maintain the natural order of things. Your agents are scattered throughout the ages, ever vigilant for any temporal anomalies or deviations from the established timeline.\nBut the universe is a vast and ever-changing tapestry, and new threats to the integrity of the timestream are constantly emerging. Cosmic entities of unfathomable power lurk in the shadows, their twisted machinations threatening to unravel the very fabric of reality itself. You must remain ever vigilant, for the fate of the multiverse rests upon your shoulders.\nAs you gaze into the shimmering depths of the timestream, you catch fleeting glimpses of potential futures – some filled with wondrous possibilities, others marred by cosmic cataclysms and the unraveling of existence itself. The choices you make here will shape the destiny of all that is, all that was, and all that ever will be.\nThe boundaries of space and time are now yours to traverse, but you must tread carefully, for every action, no matter how small, echoes through the ages like a cosmic ripple. The weight of cosmic responsibility presses upon you, but you are filled with a steadfast determination to uphold the natural order of events and safeguard the integrity of the multiverse.\nChoose your path wisely, guardian of the timestream, for the fate of existence itself rests in your hands.",
          "exits":{
             "continue_vigil":"timeless_vigil",
             "restart":"workshop"
          }
       },
       "time_travel_nexus":{
          "name":"The Nexus of Time Travel",
          "description":"You have unlocked the full potential of the Time Sphere, granting you the ability to traverse the vast expanse of time and space, and bear witness to the pivotal moments that have shaped the very fabric of existence. As you gaze into the shimmering depths of the sphere, you feel the immense power of the timestream coursing through your veins, and you realize that you now wield the power to shape the very course of history itself.\nThe veil of time parts before you, and you bear witness to the birth of galaxies and the death of stars, the rise and fall of empires, and the echoes of countless lives lived and lost across the infinite expanse of existence. You feel the weight of cosmic responsibility settle upon your shoulders, for you now hold the power to traverse the boundaries of space and time, to unravel the secrets of the universe itself.\nBut with this power comes a grave responsibility, for you must remain ever vigilant, guarding against the forces that seek to unravel the delicate balance of the timestream. Cosmic entities of unfathomable power lurk in the shadows, their twisted machinations threatening to tear the fabric of reality asunder.\nAs you stand at the nexus of time travel, you realize that the choices you make here will shape the destiny of all that is, all that was, and all that ever will be. The boundaries of space and time are now yours to traverse, but you must tread carefully, for every action, no matter how small, echoes through the ages like a cosmic ripple.\nThe fate of the multiverse rests upon your shoulders, and you must choose your path wisely. Will you use your newfound power to explore the wonders of the cosmos, bearing witness to pivotal moments throughout history? Or will you take up the mantle of a guardian, sworn to uphold the natural order of events and preserve the integrity of existence itself?\nThe choice is yours, master of the timestream. But remember, the consequences of your actions will ripple across the fabric of reality, echoing through the ages like a cosmic shockwave. Choose wisely, for the fate of the cosmos rests in your hands.",
          "exits":{
             "explore_timestream":"timeless_explorer",
             "become_guardian":"become_time_guardian"
          }
       },
       "timeless_explorer":{
          "name":"The Timeless Explorer",
          "description":"You have chosen to embrace the power of the timestream, becoming a timeless explorer with the ability to traverse the vast expanse of space and time, bearing witness to the pivotal moments that have shaped the very fabric of existence. As you stand at the nexus of time travel, you feel the weight of cosmic wonder and possibility pressing upon you, for the boundaries of reality itself are now yours to transcend.\nThe veil of time parts before you, revealing a shimmering tapestry woven from the threads of countless eras and civilizations. You catch fleeting glimpses of potential destinations – a foggy street in Victorian London, the clatter of horse-drawn carriages echoing through the mist; the golden sands of ancient Egypt, the silhouettes of towering pyramids rising against the horizon; a sleek, neon-lit cityscape of the far future, its towering spires reaching towards the stars.\nAs you gaze into the shimmering depths of the timestream, you feel a profound sense of connection to the ebb and flow of existence itself, and a newfound appreciation for the weight of responsibility that comes with mastering its power. For every action, no matter how small, echoes through the ages like a cosmic ripple, and the choices you make will shape the destiny of all that is, all that was, and all that ever will be.\nYou are a timeless explorer, free to traverse the boundaries of space and time, to unravel the secrets of the universe and bear witness to the wonders of existence itself. But you must tread carefully, for the cosmic tapestry is a delicate thing, and the consequences of your actions could unravel the very fabric of reality.\nChoose your path wisely, explorer of the timestream, for the fate of the cosmos rests in your hands. Will you seek out the wonders of the past, or gaze into the infinite possibilities of the future? The boundaries of space and time are now yours to transcend, but remember – every action, no matter how small, echoes through the ages like a cosmic ripple.",
          "exits":{
             "explore_timestream":"timeless_explorer",
             "restart":"workshop"
          }
       }
    }
 }